{"sections":{"1646028739ae283905":{"type":"slideshow","blocks":{"image_parent_fkRFwb":{"type":"image_parent","settings":{"image":"shopify:\/\/shop_images\/Blue_Modern_Stocks_Investment_Mobile_App_Promotion_Instagram_Post_1.png","image_mb":"shopify:\/\/shop_images\/Blue_Modern_Stocks_Investment_Mobile_App_Promotion_Instagram_Post_4.png","image_position":"8","cl_img":"","link_img1":"","open_link":"_blank","animate_slide":"none","text_align":"center","text_align_mb":"center","content_width":"auto","cv_pos":7,"ch_pos":17,"cv_pos_mb":0,"ch_pos_mb":19,"bg_overlay":"#000000","bg_opacity":0,"bg_content_cl":"#ffffff","bg_content_op":0,"content_radius":0,"box_square":false,"content_pd_tb":15,"content_pd_lr":15,"content_pd_tb_tb":15,"content_pd_lr_tb":15,"content_pd_tb_mb":10,"content_pd_lr_mb":10,"border_bl":false,"br_color":"#222222","br_bg":"#ffffff","br_opacity":50,"br_style":"solid","br_pd":20,"br_pd_mb":10,"time_animation":1,"animation_delay":40}},"custom_text_ypzXQk":{"type":"custom_text","settings":{"text":"The Only","remove_br_tag":false,"tag":"p","fontf":"inherit","text_cl":"#000000","text_fs":63,"text_lh":0,"text_fw":900,"text_ls":0,"text_mgb":15,"font_italic":false,"text_shadow":false,"hidden_mobile":false,"text_fs_mb":16,"text_lh_mb":0,"text_ls_mb":0,"text_mgb_mobile":10,"animation":"bounceIn"}},"custom_text_UGy9B7":{"type":"custom_text","settings":{"text":"Touch Screen<br>Number Plate System","remove_br_tag":false,"tag":"p","fontf":"2","text_cl":"#222222","text_fs":31,"text_lh":0,"text_fw":400,"text_ls":0,"text_mgb":15,"font_italic":false,"text_shadow":false,"hidden_mobile":false,"text_fs_mb":16,"text_lh_mb":0,"text_ls_mb":0,"text_mgb_mobile":10,"animation":"bounceIn"}},"custom_button_LxcjBM":{"type":"custom_button","settings":{"button_text":"Check it Out!","button_link":"shopify:\/\/pages\/godex-number-plate-printing-app-for-android","target_link":"_self","fontf":"inherit","button_icon_w":22,"button_style":"default","button_effect":"default","pri_cl":"#222222","second_cl":"#f5f5f5","pri_cl_hover":"#56cfe1","second_cl_hover":"#ffffff","fsbutton":14,"fwbutton":400,"button_ls":0,"button_mh":42,"button_bdr":0,"button_pd_lr":46,"button_mgb":0,"hidden_mobile":false,"button_icon_w_mb":0,"fsbutton_mb":10,"button_mh_mb":20,"button_pd_lr_mb":15,"button_ls_mb":0,"button_mgb_mb":0,"animation":"bounceInDown"}},"164602873867eb3815-0":{"type":"image_parent","settings":{"image":"shopify:\/\/shop_images\/IMG_47582.png","image_position":"8","cl_img":"","link_img1":"","open_link":"_blank","animate_slide":"none","text_align":"start","text_align_mb":"start","content_width":"container","cv_pos":50,"ch_pos":0,"cv_pos_mb":50,"ch_pos_mb":0,"bg_overlay":"#000000","bg_opacity":0,"bg_content_cl":"rgba(0,0,0,0)","bg_content_op":0,"content_radius":0,"box_square":false,"content_pd_tb":15,"content_pd_lr":15,"content_pd_tb_tb":15,"content_pd_lr_tb":15,"content_pd_tb_mb":10,"content_pd_lr_mb":10,"border_bl":false,"br_color":"#222222","br_bg":"#ffffff","br_opacity":50,"br_style":"solid","br_pd":20,"br_pd_mb":10,"time_animation":1,"animation_delay":30}},"164602873867eb3815-1":{"type":"custom_text","settings":{"text":"Become Independant with","remove_br_tag":false,"tag":"p","fontf":"inherit","text_cl":"#ffffff","text_fs":18,"text_lh":0,"text_fw":500,"text_ls":1,"text_mgb":5,"font_italic":false,"text_shadow":false,"hidden_mobile":false,"text_fs_mb":12,"text_lh_mb":0,"text_ls_mb":0,"text_mgb_mobile":5,"animation":"fadeInUp"}},"164602873867eb3815-2":{"type":"custom_text","settings":{"text":"Startup Kits","remove_br_tag":false,"tag":"p","fontf":"inherit","text_cl":"#ffffff","text_fs":55,"text_lh":55,"text_fw":600,"text_ls":0,"text_mgb":10,"font_italic":false,"text_shadow":false,"hidden_mobile":false,"text_fs_mb":18,"text_lh_mb":18,"text_ls_mb":0,"text_mgb_mobile":10,"animation":"fadeInUp"}},"390cb6f8-c5fc-44ed-badf-074a03818e5a":{"type":"custom_button","settings":{"button_text":"Explore Now","button_link":"shopify:\/\/collections\/startup-kits","target_link":"_self","fontf":"inherit","button_icon_w":0,"button_style":"default","button_effect":"sweep-to-top","pri_cl":"#222222","second_cl":"#ffffff","pri_cl_hover":"#56cfe1","second_cl_hover":"#ffffff","fsbutton":14,"fwbutton":600,"button_ls":0,"button_mh":40,"button_bdr":0,"button_pd_lr":32,"button_mgb":0,"hidden_mobile":false,"button_icon_w_mb":0,"fsbutton_mb":12,"button_mh_mb":36,"button_pd_lr_mb":22,"button_ls_mb":0,"button_mgb_mb":0,"animation":"fadeInUp"}},"aca13d02-fdca-4dd7-b455-cc71ffabb08a":{"type":"image_parent","settings":{"image":"shopify:\/\/shop_images\/Screenshot_2024-09-23_185342.png","image_position":"8","cl_img":"","link_img1":"","open_link":"_blank","animate_slide":"none","text_align":"end","text_align_mb":"end","content_width":"container","cv_pos":50,"ch_pos":100,"cv_pos_mb":50,"ch_pos_mb":100,"bg_overlay":"#000000","bg_opacity":0,"bg_content_cl":"#ffffff","bg_content_op":0,"content_radius":0,"box_square":false,"content_pd_tb":15,"content_pd_lr":15,"content_pd_tb_tb":15,"content_pd_lr_tb":15,"content_pd_tb_mb":10,"content_pd_lr_mb":10,"border_bl":false,"br_color":"#222222","br_bg":"#ffffff","br_opacity":50,"br_style":"solid","br_pd":20,"br_pd_mb":10,"time_animation":1,"animation_delay":40}},"ff196d3a-1239-4855-9969-90603c8cb52d":{"type":"custom_text","settings":{"text":"Free Software License","remove_br_tag":false,"tag":"p","fontf":"inherit","text_cl":"#ffffff","text_fs":55,"text_lh":55,"text_fw":600,"text_ls":0,"text_mgb":13,"font_italic":false,"text_shadow":false,"hidden_mobile":false,"text_fs_mb":18,"text_lh_mb":18,"text_ls_mb":0,"text_mgb_mobile":10,"animation":"fadeInUp"}},"b069b77f-6f77-41d8-839e-5f21d12217db":{"type":"custom_text","settings":{"text":"For our Clients","remove_br_tag":false,"tag":"p","fontf":"inherit","text_cl":"#ffffff","text_fs":18,"text_lh":0,"text_fw":500,"text_ls":0,"text_mgb":264,"font_italic":false,"text_shadow":false,"hidden_mobile":false,"text_fs_mb":12,"text_lh_mb":0,"text_ls_mb":0,"text_mgb_mobile":5,"animation":"fadeInUp"}},"efa3ea83-c43c-48b4-85ed-90ed7642e2f7":{"type":"custom_button","settings":{"button_text":"Explore Now","button_link":"shopify:\/\/collections\/packaging","target_link":"_self","fontf":"inherit","button_icon_w":0,"button_style":"default","button_effect":"sweep-to-top","pri_cl":"#222222","second_cl":"#ffffff","pri_cl_hover":"#56cfe1","second_cl_hover":"#ffffff","fsbutton":14,"fwbutton":600,"button_ls":0,"button_mh":40,"button_bdr":0,"button_pd_lr":32,"button_mgb":-51,"hidden_mobile":false,"button_icon_w_mb":0,"fsbutton_mb":12,"button_mh_mb":36,"button_pd_lr_mb":22,"button_ls_mb":0,"button_mgb_mb":0,"animation":"fadeInRight"}},"164602873867eb3815-4":{"type":"image_parent","settings":{"image":"shopify:\/\/shop_images\/IMG_4683x_2ace0416-8880-4b65-a183-f8dedca4ced6.jpg","image_position":"8","cl_img":"","link_img1":"","open_link":"_blank","animate_slide":"none","text_align":"start","text_align_mb":"center","content_width":"container","cv_pos":50,"ch_pos":0,"cv_pos_mb":50,"ch_pos_mb":0,"bg_overlay":"#000000","bg_opacity":0,"bg_content_cl":"#ffffff","bg_content_op":0,"content_radius":0,"box_square":false,"content_pd_tb":15,"content_pd_lr":15,"content_pd_tb_tb":15,"content_pd_lr_tb":15,"content_pd_tb_mb":10,"content_pd_lr_mb":10,"border_bl":false,"br_color":"#222222","br_bg":"#ffffff","br_opacity":50,"br_style":"solid","br_pd":20,"br_pd_mb":10,"time_animation":1,"animation_delay":40}},"164602873867eb3815-5":{"type":"custom_text","settings":{"text":"The Hottest Trend","remove_br_tag":false,"tag":"p","fontf":"inherit","text_cl":"#ffffff","text_fs":18,"text_lh":0,"text_fw":500,"text_ls":1,"text_mgb":5,"font_italic":false,"text_shadow":false,"hidden_mobile":false,"text_fs_mb":12,"text_lh_mb":0,"text_ls_mb":0,"text_mgb_mobile":5,"animation":"fadeInDown"}},"164602873867eb3815-6":{"type":"custom_text","settings":{"text":"Shadow Plates","remove_br_tag":false,"tag":"p","fontf":"inherit","text_cl":"#ffffff","text_fs":55,"text_lh":55,"text_fw":600,"text_ls":0,"text_mgb":10,"font_italic":false,"text_shadow":false,"hidden_mobile":false,"text_fs_mb":28,"text_lh_mb":28,"text_ls_mb":0,"text_mgb_mobile":10,"animation":"fadeInDown"}},"164602873867eb3815-7":{"type":"custom_button","settings":{"button_text":"Explore Now","button_link":"shopify:\/\/collections\/3d-4d-letters","target_link":"_self","fontf":"inherit","button_icon_w":0,"button_style":"default","button_effect":"sweep-to-top","pri_cl":"#222222","second_cl":"#ffffff","pri_cl_hover":"#56cfe1","second_cl_hover":"#ffffff","fsbutton":14,"fwbutton":600,"button_ls":0,"button_mh":40,"button_bdr":0,"button_pd_lr":32,"button_mgb":0,"hidden_mobile":false,"button_icon_w_mb":0,"fsbutton_mb":12,"button_mh_mb":36,"button_pd_lr_mb":22,"button_ls_mb":0,"button_mgb_mb":0,"animation":"fadeInDown"}}},"block_order":["image_parent_fkRFwb","custom_text_ypzXQk","custom_text_UGy9B7","custom_button_LxcjBM","164602873867eb3815-0","164602873867eb3815-1","164602873867eb3815-2","390cb6f8-c5fc-44ed-badf-074a03818e5a","aca13d02-fdca-4dd7-b455-cc71ffabb08a","ff196d3a-1239-4855-9969-90603c8cb52d","b069b77f-6f77-41d8-839e-5f21d12217db","efa3ea83-c43c-48b4-85ed-90ed7642e2f7","164602873867eb3815-4","164602873867eb3815-5","164602873867eb3815-6","164602873867eb3815-7"],"settings":{"se_height":"t4s_ratio_cuspx","custom_dk":true,"height_dk":600,"custom_tb":true,"height_tb":600,"custom_mb":true,"height_mb":250,"eff":"fade","loop":true,"au_time":8.5,"au_hover":true,"nav_btn":false,"btn_vi":"hover","btn_owl":"default","btn_icon":"0","btn_shape":"none","btn_cl":"dark","btn_size":"small","btn_hidden_mobile":false,"nav_dot":true,"dot_owl":"default","dots_position":"default","dots_cl":"dark","dots_round":true,"dots_space":10,"dots_hidden_mobile":false,"layout":"t4s-container-fluid","cl_bg":"","cl_bg_gradient":"","mg":",,30px,","pd":"","mg_tb":",50px","pd_tb":"","mg_mb":",,10px,","pd_mb":"","use_cus_css":false,"code_cus_css":".SectionID {\nbackground-color:red\n}"}},"6a27afdb-cec2-466b-a451-6c7b46dd3b33":{"type":"banner-parallax","blocks":{"template--20408354472274__6a27afdb-cec2-466b-a451-6c7b46dd3b33-custom_text-1":{"type":"custom_text","settings":{"text":"Manufacturing Since 2010","remove_br_tag":false,"tag":"p","fontf":"inherit","text_cl":"#ffffff","text_fs":40,"text_lh":45,"text_fw":600,"text_ls":0,"font_italic":false,"text_shadow":false,"text_mgb":10,"hidden_mobile":false,"text_fs_mb":21,"text_lh_mb":0,"text_ls_mb":0,"text_mgb_mobile":10,"animation":"fadeIn"}},"03eb2620-18d6-479f-bb65-a60d363c8357":{"type":"custom_text","settings":{"text":"Welcome to Meena Lite.  Part of Meena Supplies Limited.","remove_br_tag":false,"tag":"p","fontf":"inherit","text_cl":"#ffffff","text_fs":21,"text_lh":16,"text_fw":400,"text_ls":0,"font_italic":false,"text_shadow":false,"text_mgb":15,"hidden_mobile":false,"text_fs_mb":17,"text_lh_mb":22,"text_ls_mb":0,"text_mgb_mobile":10,"animation":"fadeInDown"}},"template--20408354472274__6a27afdb-cec2-466b-a451-6c7b46dd3b33-custom_text-2":{"type":"custom_text","settings":{"text":"Our mission is to use our vast experience in product design and manufacture to bring exclusive, high quality products in wholesale to number plate manufacturers, challenging the status quo of legacy suppliers.","remove_br_tag":false,"tag":"p","fontf":"inherit","text_cl":"#fbfbfb","text_fs":16,"text_lh":30,"text_fw":400,"text_ls":0,"font_italic":false,"text_shadow":false,"text_mgb":0,"hidden_mobile":false,"text_fs_mb":16,"text_lh_mb":28,"text_ls_mb":0,"text_mgb_mobile":10,"animation":"fadeInUp"}}},"block_order":["template--20408354472274__6a27afdb-cec2-466b-a451-6c7b46dd3b33-custom_text-1","03eb2620-18d6-479f-bb65-a60d363c8357","template--20408354472274__6a27afdb-cec2-466b-a451-6c7b46dd3b33-custom_text-2"],"settings":{"section_height":"t4s_ratio_cuspx","custom_dk":true,"height_dk":420,"custom_tb":true,"height_tb":300,"custom_mb":true,"height_mb":333,"image_parallax":"shopify:\/\/shop_images\/background.png","parallax":true,"b_link":"","open_link":"_self","content_align":"center","content_align_mobile":"center","content_width":"t4s-container","bg_overlay":"#000000","bg_opacity":19,"bg_content_bl":false,"bg_content_cl":"#000000","bg_content_op":50,"content_pd_tb":20,"content_pd_lr":40,"content_pd_tb_mb":20,"content_pd_lr_mb":3,"border_bl":false,"br_color":"#222222","br_bg":"#ffffff","br_opacity":50,"br_style":"solid","br_pd":22,"br_pd_mb":0,"cv_pos":35,"ch_pos":0,"cv_pos_mb":100,"ch_pos_mb":100,"time_animation":2.5,"animation_delay":10,"layout":"t4s-container-fluid","cl_bg":"#f5f5f5","cl_bg_gradient":"","mg":",,100px,","pd":"","mg_tb":"","pd_tb":"","mg_mb":",,30px,","pd_mb":"","use_cus_css":false,"code_cus_css":""}},"banner_parallax_HkrXcU":{"type":"banner-parallax","blocks":{"custom_text_ebanFL":{"type":"custom_text","settings":{"text":"Looking to Start","remove_br_tag":false,"tag":"p","fontf":"inherit","text_cl":"#ffffff","text_fs":68,"text_lh":46,"text_fw":800,"text_ls":0,"font_italic":false,"text_shadow":false,"text_mgb":10,"hidden_mobile":false,"text_fs_mb":21,"text_lh_mb":0,"text_ls_mb":0,"text_mgb_mobile":10,"animation":"fadeIn"}},"custom_text_RBpARk":{"type":"custom_text","settings":{"text":"Your own Number Plate Business?","remove_br_tag":false,"tag":"p","fontf":"inherit","text_cl":"#ffffff","text_fs":32,"text_lh":30,"text_fw":400,"text_ls":0,"font_italic":false,"text_shadow":false,"text_mgb":0,"hidden_mobile":false,"text_fs_mb":16,"text_lh_mb":0,"text_ls_mb":0,"text_mgb_mobile":10,"animation":"fadeIn"}},"custom_text_94iJjM":{"type":"custom_text","settings":{"text":"Click here to get all the information you need.","remove_br_tag":false,"tag":"p","fontf":"inherit","text_cl":"#ffffff","text_fs":16,"text_lh":0,"text_fw":400,"text_ls":0,"font_italic":false,"text_shadow":false,"text_mgb":15,"hidden_mobile":false,"text_fs_mb":13,"text_lh_mb":0,"text_ls_mb":0,"text_mgb_mobile":10,"animation":"fadeIn"}}},"block_order":["custom_text_ebanFL","custom_text_RBpARk","custom_text_94iJjM"],"settings":{"section_height":"t4s_ratio_cuspx","custom_dk":true,"height_dk":600,"custom_tb":true,"height_tb":400,"custom_mb":true,"height_mb":250,"image_parallax":"shopify:\/\/shop_images\/7920f165-fea0-4d10-88b3-6b334b4217d4.jpg","parallax":true,"b_link":"shopify:\/\/pages\/starting-your-own-number-plate-business","open_link":"_self","content_align":"center","content_align_mobile":"center","content_width":"t4s-content-auto","bg_overlay":"#000000","bg_opacity":0,"bg_content_bl":false,"bg_content_cl":"#ffffff","bg_content_op":50,"content_pd_tb":20,"content_pd_lr":20,"content_pd_tb_mb":10,"content_pd_lr_mb":10,"border_bl":false,"br_color":"#222222","br_bg":"#ffffff","br_opacity":50,"br_style":"solid","br_pd":20,"br_pd_mb":21,"cv_pos":50,"ch_pos":50,"cv_pos_mb":50,"ch_pos_mb":50,"time_animation":1,"animation_delay":40,"layout":"t4s-container-fluid","cl_bg":"#f5f5f5","cl_bg_gradient":"","image_bg":"shopify:\/\/shop_images\/IMG_3867.png","mg":",,50px,","pd":"","mg_tb":"","pd_tb":"","mg_mb":",,30px,","pd_mb":"","use_cus_css":false,"code_cus_css":""}},"16460362229768af39":{"type":"banner","blocks":{"164603622209bd8d44-0":{"type":"b_item","settings":{"custom_dk":true,"height_dk":600,"custom_tb":true,"height_tb":400,"custom_mb":true,"height_mb":300,"image":"shopify:\/\/shop_images\/Yellow_Red_Modern_Gaming_Youtube_Thumbnail_3.png","b_link":"shopify:\/\/blogs\/news\/the-legality-of-4d-number-plate-letters-staying-true-to-prescribed-font-standards","open_link":"_self","img_effect":"rotate","b_effect":"none","col_dk":"6","col_tb":"6","col_mb":"12","content_align":"center","content_align_mobile":"center","content_width":"auto","cv_pos":50,"ch_pos":50,"cv_pos_mb":50,"ch_pos_mb":50,"bg_overlay":"#000000","bg_opacity":0,"bg_content_bl":false,"bg_content_cl":"#ffffff","bg_content_op":50,"content_pd_tb":20,"content_pd_lr":20,"content_pd_tb_mb":10,"content_pd_lr_mb":10,"border_bl":false,"br_color":"#222222","br_bg":"#ffffff","br_opacity":50,"br_style":"solid","br_pd":20,"br_pd_mb":10,"time_animation":1,"animation_delay":40}},"164603622209bd8d44-1":{"type":"custom_text","settings":{"text":"The Lowdown On","remove_br_tag":false,"tag":"p","fontf":"inherit","text_cl":"#000000","text_fs":24,"text_lh":24,"text_fw":500,"text_ls":0,"font_italic":false,"text_shadow":false,"text_mgb":5,"hidden_mobile":false,"text_fs_mb":24,"text_lh_mb":24,"text_ls_mb":0,"text_mgb_mobile":5,"animation":"fadeInDownBig"}},"164603622209bd8d44-2":{"type":"custom_text","settings":{"text":"Rounded Lettering","remove_br_tag":false,"tag":"p","fontf":"inherit","text_cl":"#000000","text_fs":50,"text_lh":50,"text_fw":600,"text_ls":0,"font_italic":false,"text_shadow":false,"text_mgb":5,"hidden_mobile":false,"text_fs_mb":14,"text_lh_mb":24,"text_ls_mb":0,"text_mgb_mobile":10,"animation":"fadeInDownBig"}},"164603622209bd8d44-3":{"type":"b_item","settings":{"custom_dk":true,"height_dk":600,"custom_tb":true,"height_tb":400,"custom_mb":true,"height_mb":300,"image":"shopify:\/\/shop_images\/IMG_4762.png","b_link":"shopify:\/\/blogs\/news\/pre-rolled-number-plates-whats-the-point","open_link":"_self","img_effect":"translateToTop","b_effect":"none","col_dk":"6","col_tb":"6","col_mb":"12","content_align":"center","content_align_mobile":"center","content_width":"auto","cv_pos":50,"ch_pos":50,"cv_pos_mb":50,"ch_pos_mb":50,"bg_overlay":"#000000","bg_opacity":0,"bg_content_bl":false,"bg_content_cl":"#ffffff","bg_content_op":50,"content_pd_tb":20,"content_pd_lr":20,"content_pd_tb_mb":10,"content_pd_lr_mb":10,"border_bl":false,"br_color":"#222222","br_bg":"#ffffff","br_opacity":50,"br_style":"solid","br_pd":20,"br_pd_mb":10,"time_animation":1,"animation_delay":40}},"164603622209bd8d44-4":{"type":"custom_text","settings":{"text":"Why Switch to","remove_br_tag":false,"tag":"p","fontf":"inherit","text_cl":"#ffffff","text_fs":24,"text_lh":24,"text_fw":500,"text_ls":0,"font_italic":false,"text_shadow":false,"text_mgb":5,"hidden_mobile":false,"text_fs_mb":18,"text_lh_mb":24,"text_ls_mb":0,"text_mgb_mobile":5,"animation":"fadeInUpBig"}},"164603622209bd8d44-5":{"type":"custom_text","settings":{"text":"Pre-Rolled Plates","remove_br_tag":false,"tag":"p","fontf":"inherit","text_cl":"#ffffff","text_fs":50,"text_lh":50,"text_fw":600,"text_ls":0,"font_italic":false,"text_shadow":false,"text_mgb":0,"hidden_mobile":false,"text_fs_mb":50,"text_lh_mb":50,"text_ls_mb":0,"text_mgb_mobile":0,"animation":"fadeInUpBig"}}},"block_order":["164603622209bd8d44-0","164603622209bd8d44-1","164603622209bd8d44-2","164603622209bd8d44-3","164603622209bd8d44-4","164603622209bd8d44-5"],"settings":{"image_ratio":"ratioadapt","image_size":"cover","image_position":"8","space_h_item":"30","space_v_item":"30","space_h_item_mb":"10","space_v_item_mb":"10","hidden_content_first":false,"layout":"t4s-container-wrap","cl_bg":"","cl_bg_gradient":"","mg":",,110px,","pd":"","mg_tb":"","pd_tb":"","mg_mb":",,30px,","pd_mb":"","use_cus_css":false,"code_cus_css":".SectionID {\nbackground-color:red\n}"}},"3197d4fa-2f8f-4ca8-a23f-26428758bce6":{"type":"line","settings":{"line_style":"solid","line_width":100,"line_height":1,"line_cl":"#e6e6e6","line_pos":"t4s-text-start","layout":"t4s-container-wrap","mg":",,50px,","mg_tb":"","mg_mb":",,30px,","use_cus_css":false,"code_cus_css":""}},"164603504020ce33da":{"type":"collections-list-manual","blocks":{"1646035040fee424aa-0":{"type":"collection_item","settings":{"collection":"","image":"shopify:\/\/shop_images\/01b53ea0-3ee3-4c1d-8889-cdeb884ae062.jpg","collection_title":"Fittings","collection_link":""}},"1646035040fee424aa-1":{"type":"collection_item","settings":{"collection":"blank-plates","image":"shopify:\/\/shop_images\/6fdff566-b83b-43e0-addd-d7cf4171ca3c.jpg","collection_title":"Blanks","collection_link":""}},"1646035040fee424aa-2":{"type":"collection_item","settings":{"collection":"number-plate-assembly","image":"shopify:\/\/shop_images\/IMG_5175.jpg","collection_title":"Assembly","collection_link":""}},"fb81d2b5-38b4-4322-93fc-cd722f8758f3":{"type":"collection_item","settings":{"collection":"3d-4d-letters","image":"shopify:\/\/shop_images\/IMG_3637m.png","collection_title":"Digits","collection_link":""}},"0e3908d5-4139-4bbe-8b53-e898caa7df22":{"type":"collection_item","settings":{"collection":"packaging","image":"shopify:\/\/shop_images\/IMG_5138.jpg","collection_title":"Packaging","collection_link":""}},"4d66c467-ad59-472e-ae57-405bc2d96eba":{"type":"collection_item","settings":{"collection":"blank-plates","image":"shopify:\/\/shop_images\/IMG_4358.jpg","collection_title":"Blank Plates","collection_link":""}},"5daa240d-31ac-453a-9205-59c23535084f":{"type":"collection_item","settings":{"collection":"flags","image":"shopify:\/\/shop_images\/IMG_3655.jpg","collection_title":"4D Flags","collection_link":""}}},"block_order":["1646035040fee424aa-0","1646035040fee424aa-1","1646035040fee424aa-2","fb81d2b5-38b4-4322-93fc-cd722f8758f3","0e3908d5-4139-4bbe-8b53-e898caa7df22","4d66c467-ad59-472e-ae57-405bc2d96eba","5daa240d-31ac-453a-9205-59c23535084f"],"settings":{"design_heading":"2","heading_align":"t4s-text-center","top_heading":"","icon_heading":"gem","top_subheading":"","tophead_mb":30,"collection_des":"1","title_cl":"#ffffff","title_cl_hover":"#222222","subtitle_cl":"#878787","count_cl":"#222222","border_cl":"#e5e5e5","collection_subtitle":"Products","open_link":"_self","space_bottom":20,"space_bottom_mb":10,"border":false,"item_rd":0,"item_rd_unit":"%","img_effect":"zoom","b_effect":"none","image_position":"7","coll_layout":"3","layout":"t4s-container-wrap","cl_bg":"","cl_bg_gradient":"","mg":",,110px,","pd":"","mg_tb":"","pd_tb":"","mg_mb":",,50px,","pd_mb":"","use_cus_css":false,"code_cus_css":".SectionID {\nbackground-color:red\n}"}},"1646035317ea8b6928":{"type":"featured-collection","disabled":true,"settings":{"design_heading":"2","heading_align":"t4s-text-center","top_heading":"TRENDING","icon_heading":"gem","top_subheading":"Top view in this week","tophead_mb":30,"head_btn_label":"View All","head_btn_url":"","head_btn_icon":false,"head_btn_style":"default","head_btn_size":"medium","head_btn_cl":"dark","head_btn_effect":"default","head_btn_hidden_mb":false,"collection":"default","product_des":"1","show_vendor":false,"use_cdt":false,"image_ratio":"rationt","image_size":"cover","image_position":"8","content_align":"default","limit":8,"col_dk":"4","col_tb":"3","col_mb":"2","space_h_item":"30","space_v_item":"30","space_h_item_mb":"10","space_v_item_mb":"10","layout_des":"1","loop":true,"au_time":0,"au_hover":true,"center_slide":false,"nav_btn":true,"btns_pos":"default","btn_vi":"hover","btn_owl":"outline","btn_shape":"none","btn_cl":"dark","btn_size":"large","btn_hidden_mobile":false,"nav_dot":true,"dot_owl":"default","dots_cl":"dark","dots_round":false,"dots_space":9,"dots_hidden_mobile":false,"use_pagination":"load-more","enable_bar_lm":false,"btn_icon":false,"button_style":"outline","btns_size":"large","btns_cl":"dark","button_effect":"sweep-to-right","btn_pos":"t4s-text-center","layout":"t4s-container-wrap","cl_bg":"","cl_bg_gradient":"","mg":",,90px,","pd":"","mg_tb":"","pd_tb":"","mg_mb":",,50px,","pd_mb":"","use_cus_css":false,"code_cus_css":".SectionID {\nbackground-color:red\n}"}},"164603686708691778":{"type":"featured-collection","disabled":true,"settings":{"design_heading":"2","heading_align":"t4s-text-center","top_heading":"BEST SELLER","icon_heading":"gem","top_subheading":"Top sale in this week","tophead_mb":30,"head_btn_label":"View All","head_btn_url":"","head_btn_icon":false,"head_btn_style":"default","head_btn_size":"medium","head_btn_cl":"dark","head_btn_effect":"default","head_btn_hidden_mb":false,"collection":"default-2","product_des":"1","show_vendor":false,"use_cdt":false,"image_ratio":"rationt","image_size":"cover","image_position":"8","content_align":"default","limit":8,"col_dk":"4","col_tb":"2","col_mb":"2","space_h_item":"30","space_v_item":"30","space_h_item_mb":"10","space_v_item_mb":"10","layout_des":"1","loop":true,"au_time":0,"au_hover":true,"center_slide":false,"nav_btn":true,"btns_pos":"default","btn_vi":"hover","btn_owl":"default","btn_shape":"none","btn_cl":"dark","btn_size":"small","btn_hidden_mobile":false,"nav_dot":true,"dot_owl":"default","dots_cl":"dark","dots_round":false,"dots_space":10,"dots_hidden_mobile":false,"use_pagination":"none","enable_bar_lm":true,"btn_icon":false,"button_style":"default","btns_size":"medium","btns_cl":"default","button_effect":"fade","btn_pos":"t4s-text-center","layout":"t4s-container-wrap","cl_bg":"","cl_bg_gradient":"","mg":",,85px,","pd":"","mg_tb":"","pd_tb":"","mg_mb":",,25px,","pd_mb":"","use_cus_css":false,"code_cus_css":".SectionID {\nbackground-color:red\n}"}},"16460368750174c54a":{"type":"blog-post","disabled":true,"settings":{"design_heading":"2","heading_align":"t4s-text-center","top_heading":"LATES FROM BLOG","bt_lb":"Button label","icon_heading":"gem","top_subheading":"The freshest and most exciting news","tophead_mb":30,"blog":"fashion","post_des":"1","show_cate":false,"show_tags":false,"show_cnt":true,"show_au":true,"show_dt":true,"show_cm":false,"show_rm":false,"show_irm":false,"date":"date","content_align":"t4s-text-start","limit":3,"img_effect":"translateToTop","b_effect":"border-run","image_ratio":"ratio4_3","image_size":"cover","image_position":"8","col_dk":"3","col_tb":"2","col_mb":"1","space_h_item":"30","space_v_item":"30","space_h_item_mb":"10","space_v_item_mb":"10","layout_des":"2","loop":false,"au_time":0,"au_hover":true,"nav_btn":true,"btn_vi":"always","btn_owl":"outline","btn_shape":"round","btn_cl":"dark","btn_size":"small","btn_hidden_mobile":false,"nav_dot":false,"dot_owl":"default","dots_cl":"dark","dots_round":false,"dots_space":10,"dots_hidden_mobile":false,"use_pagination":"none","enable_bar_lm":true,"btn_icon":true,"button_style":"outline","btns_size":"medium","btns_cl":"dark","button_effect":"fade","btn_pos":"t4s-text-center","layout":"t4s-container-wrap","cl_bg":"","cl_bg_gradient":"","mg":",,105px,","pd":"","mg_tb":"","pd_tb":"","mg_mb":",,30px,","pd_mb":"","use_cus_css":false,"code_cus_css":".SectionID {\nbackground-color:red\n}"}},"1646209857bf69e76a":{"type":"instagram-shop","blocks":{"1646209857c01ad255-1":{"type":"img","settings":{"url":"","product_1":"ribbed-stripe-top","pos_t_1":39,"pos_l_1":38,"pos_popup_1":"top","cl_pin_1":"dark","product_2":"","pos_t_2":50,"pos_l_2":50,"pos_popup_2":"top","cl_pin_2":"dark","product_3":"","pos_t_3":50,"pos_l_3":50,"pos_popup_3":"top","cl_pin_3":"light"}},"1646209857c01ad255-4":{"type":"img","settings":{"url":"","product_1":"wide-fit-dusty","pos_t_1":74,"pos_l_1":37,"pos_popup_1":"top","cl_pin_1":"dark","product_2":"","pos_t_2":50,"pos_l_2":50,"pos_popup_2":"top","cl_pin_2":"dark","product_3":"","pos_t_3":50,"pos_l_3":50,"pos_popup_3":"top","cl_pin_3":"light"}},"1646209857c01ad255-2":{"type":"img","settings":{"url":"","product_1":"short-sleeved-hoodie","pos_t_1":30,"pos_l_1":60,"pos_popup_1":"top","cl_pin_1":"dark","product_2":"retro-lace-up-sneakers","pos_t_2":95,"pos_l_2":43,"pos_popup_2":"top","cl_pin_2":"dark","product_3":"","pos_t_3":50,"pos_l_3":50,"pos_popup_3":"top","cl_pin_3":"light"}},"1646209857c01ad255-3":{"type":"img","settings":{"url":"","product_1":"striped-long-sleeve-top","pos_t_1":50,"pos_l_1":50,"pos_popup_1":"top","cl_pin_1":"dark","product_2":"","pos_t_2":50,"pos_l_2":50,"pos_popup_2":"top","cl_pin_2":"dark","product_3":"","pos_t_3":50,"pos_l_3":50,"pos_popup_3":"top","cl_pin_3":"light"}},"1646209857c01ad255-5":{"type":"img","settings":{"url":"","product_1":"long-sleeve-tie-front-top","pos_t_1":34,"pos_l_1":74,"pos_popup_1":"top","cl_pin_1":"dark","product_2":"","pos_t_2":50,"pos_l_2":50,"pos_popup_2":"top","cl_pin_2":"dark","product_3":"","pos_t_3":50,"pos_l_3":50,"pos_popup_3":"top","cl_pin_3":"light"}},"1646209857c01ad255-0":{"type":"img","settings":{"url":"","product_1":"high-waist-straight-leg","pos_t_1":65,"pos_l_1":50,"pos_popup_1":"top","cl_pin_1":"dark","product_2":"","pos_t_2":50,"pos_l_2":50,"pos_popup_2":"top","cl_pin_2":"dark","product_3":"","pos_t_3":50,"pos_l_3":50,"pos_popup_3":"top","cl_pin_3":"light"}},"0051dfa6-432d-4e58-b343-7e0752f68b80":{"type":"img","settings":{"url":"","product_1":"high-waist-skinny-jean","pos_t_1":50,"pos_l_1":56,"pos_popup_1":"top","cl_pin_1":"dark","product_2":"","pos_t_2":50,"pos_l_2":50,"pos_popup_2":"top","cl_pin_2":"dark","product_3":"","pos_t_3":50,"pos_l_3":50,"pos_popup_3":"top","cl_pin_3":"light"}},"ae083dc7-4338-494b-8f4b-e764a38d2a97":{"type":"img","settings":{"url":"","product_1":"woleen-tee","pos_t_1":45,"pos_l_1":36,"pos_popup_1":"top","cl_pin_1":"dark","product_2":"","pos_t_2":50,"pos_l_2":50,"pos_popup_2":"top","cl_pin_2":"dark","product_3":"","pos_t_3":50,"pos_l_3":50,"pos_popup_3":"top","cl_pin_3":"light"}}},"block_order":["1646209857c01ad255-1","1646209857c01ad255-4","1646209857c01ad255-2","1646209857c01ad255-3","1646209857c01ad255-5","1646209857c01ad255-0","0051dfa6-432d-4e58-b343-7e0752f68b80","ae083dc7-4338-494b-8f4b-e764a38d2a97"],"disabled":true,"settings":{"design_heading":"2","heading_align":"t4s-text-center","top_heading":"@ FOLLOW US ON INSTAGRAM","icon_heading":"gem","top_subheading":"","tophead_mb":20,"layout_des":"2","pr_pin_des":"6","open_link":"_self","space":"0","space_mb":"0","col_dk":"6","col_tb":"3","col_mb":"2","image_ratio":"ratio1_1","image_size":"cover","image_position":"8","image_bdr":0,"loop":false,"au_time":0,"au_hover":true,"nav_btn":true,"btn_vi":"always","btn_owl":"outline","btn_shape":"round","btn_cl":"default","btn_size":"small","btn_hidden_mobile":false,"nav_dot":false,"dot_owl":"default","dots_cl":"dark","dots_round":false,"dots_space":10,"dots_hidden_mobile":false,"layout":"t4s-container-fluid","cl_bg":"","cl_bg_gradient":"","mg":"","pd":"","mg_tb":"","pd_tb":"","mg_mb":"","pd_mb":""}},"164620932069107a3a":{"type":"shipping","blocks":{"164620932047c7965f-0":{"type":"shipping","settings":{"icon_themes":"truck","icon":"las la-shipping-fast","title":"FREE DELIVERY","text":"<p>On orders over £49<\/p>","html":""}},"164620932047c7965f-1":{"type":"shipping","settings":{"icon_themes":"help","icon":"las la-life-ring","title":"SUPPORT 24\/7","text":"<p>Contact us 24 hours a day, 7 days a week<\/p>","html":""}},"164620932047c7965f-2":{"type":"shipping","settings":{"icon_themes":"refesh","icon":"las la-undo-alt","title":"30 DAYS RETURN","text":"<p>Simply return it within 30 days for an exchange.<\/p>","html":""}},"164620932047c7965f-3":{"type":"shipping","settings":{"icon_themes":"door-lock","icon":"las la-lock","title":"PREMIUM PRODUCTS","text":"<p>Guaranteed Satisfaction<\/p>","html":""}}},"block_order":["164620932047c7965f-0","164620932047c7965f-1","164620932047c7965f-2","164620932047c7965f-3"],"settings":{"design_heading":"2","heading_align":"t4s-text-center","top_heading":"","icon_heading":"gem","top_subheading":"","tophead_mb":30,"content_align":"text-start","align_vertical":false,"design_padding":"1","source":"themes_icon","icon_des":"default","icon_size":"medium","col_dk":"4","col_tb":"2","col_mb":"1","border":false,"cl_bd":"#dddddd","cl_ic":"#9e9e9e","cl_hd":"#222222","cl_cot":"#878787","bg_item":"#ffffff","hd_fs":16,"hd_fw":500,"txt_fs":13,"space_h_item":"30","space_v_item":"30","space_h_item_mb":"30","space_v_item_mb":"20","carousel_mobile":true,"dots_cl":"dark","dots_round":true,"layout":"t4s-container-wrap","cl_bg":"","cl_bg_gradient":"","mg":"","pd":"55px,,25px,","mg_tb":",,50px,","pd_tb":"","mg_mb":"","pd_mb":"55px,,25px,","use_cus_css":false,"code_cus_css":".SectionID {\nbackground-color:red\n}"}},"f15df166-9b2c-48db-99b9-d1e54b523a37":{"type":"banner-with-text","blocks":{"6b4e39d4-b8df-4d62-84c9-b36ef70677cb":{"type":"custom_text","settings":{"text":"juuih","remove_br_tag":false,"tag":"p","fontf":"inherit","text_cl":"#ffffff","text_fs":16,"text_lh":0,"text_fw":400,"text_ls":0,"font_italic":false,"text_shadow":false,"text_mgb":15,"hidden_mobile":false,"text_fs_mb":16,"text_lh_mb":0,"text_ls_mb":0,"text_mgb_mobile":10,"animation":"none"}}},"block_order":["6b4e39d4-b8df-4d62-84c9-b36ef70677cb"],"disabled":true,"settings":{"image_ratio":"ratio_cuspx","custom_dk":true,"height_dk":400,"custom_tb":true,"height_tb":400,"custom_mb":true,"height_mb":300,"image_1":"shopify:\/\/shop_images\/Yellow_Red_Modern_Gaming_Youtube_Thumbnail.png","image_2":"shopify:\/\/shop_images\/Untitled-1.jpg","b_link_1":"","b_link_2":"","open_link":"_self","img_effect":"none","image_size":"contain","image_position":"8","space_h_item":"30","space_v_item":"30","space_h_item_mb":"10","space_v_item_mb":"10","content_align":"center","content_align_mobile":"center","content_width":"auto","bg_content_cl":"#ffffff","bg_content_op":50,"content_pd_tb":20,"content_pd_lr":20,"content_pd_tb_mb":10,"content_pd_lr_mb":10,"time_animation":1,"animation_delay":40,"layout":"t4s-container-wrap","cl_bg":"","cl_bg_gradient":"","mg":",,50px,","pd":"","mg_tb":"","pd_tb":"","mg_mb":",,30px,","pd_mb":"","use_cus_css":false,"code_cus_css":""}}},"order":["1646028739ae283905","6a27afdb-cec2-466b-a451-6c7b46dd3b33","banner_parallax_HkrXcU","16460362229768af39","3197d4fa-2f8f-4ca8-a23f-26428758bce6","164603504020ce33da","1646035317ea8b6928","164603686708691778","16460368750174c54a","1646209857bf69e76a","164620932069107a3a","f15df166-9b2c-48db-99b9-d1e54b523a37"]}