{"sections":{"heading":{"type":"heading-template","disabled":true,"settings":{"heading_fullwidth":false,"use_specify_image":true,"parallax":false,"color":"#000000","overlay":54,"padding":50,"paddingmb":50,"mg_b":50,"mg_bmb":50,"content_align":"t4s-text-center","bg_pos":"center center","bg_repeat":"no-repeat","bg_size":"cover","use_cus_css":false,"code_cus_css":".SectionID {\nbackground-color:red\n}"}},"main":{"type":"main-page","disabled":true,"settings":{"layout":"t4s-container-wrap","cl_bg":"","cl_bg_gradient":"","mg":"60px,,60px,","pd":"","mg_tb":"","pd_tb":"","mg_mb":",,30px,","pd_mb":""}},"1648884254eae8e0bd":{"type":"contact-form","blocks":{"1648884254cd155bea-0":{"type":"bl_form","settings":{"heading":"DROP US A LINE","enable_phone":true,"enable_full_btn":true,"button_style":"outline","btn_size":"medium","btn_cl":"dark"}},"1648884254cd155bea-1":{"type":"bl_info","settings":{"heading":"CONTACT INFORMATION","text":"<p>For all your bulk number plate wholesale supply needs, don't hesitate to reach out to us. Whether you're looking for custom bundles, have questions about delivery, or need assistance with personalized items, our dedicated team is here to help. We understand the unique demands of the number plate manufacturing industry and are committed to providing tailored solutions that meet your specific requirements. <\/p><p>Contact us today to discuss how we can support your business with our high-quality products and services.<\/p><p><i class=\"las la-home fs__16\"><\/i> 8 Mill Lane, Blackburn, Lancashire, BB2 2AU<\/p><p><i class=\"las la-phone fs__16\"><\/i> 01254 457357<\/p><p><i class=\"las la-envelope fs__16\"><\/i> meenasupplies@gmail.com<\/p><i class=\"las la-clock fs__16\"><\/i> Everyday 9:00-17:00"}}},"block_order":["1648884254cd155bea-0","1648884254cd155bea-1"],"settings":{"enable_map":true,"map":"<iframe src=\"https:\/\/www.google.com\/maps\/embed?pb=!1m18!1m12!1m3!1d294.92885739380085!2d-2.4835113823329142!3d53.746210700000006!2m3!1f0!2f0!3f0!3m2!1i1024!2i768!4f13.1!3m3!1m2!1s0x487b9f0f888190a3%3A0xa07160a06fedbc61!2sNom%20Plates%20-%203D%20%26%204D%20Car%20Number%20Plates!5e0!3m2!1sen!2suk!4v1704754803771!5m2!1sen!2suk\" width=\"600\" height=\"450\" style=\"border:0;\" allowfullscreen=\"\" loading=\"lazy\" referrerpolicy=\"no-referrer-when-downgrade\"><\/iframe>","layout":"t4s-container-wrap","cl_bg":"","cl_bg_gradient":"","mg":"50px,,50px,","pd":"","mg_tb":"","pd_tb":"","mg_mb":",,30px,","pd_mb":"","use_cus_css":false,"code_cus_css":".SectionID {\nbackground-color:red\n}"}},"sidebar-page":{"type":"sidebar-page","disabled":true,"settings":{"enable_drawer":true,"space":50,"size":"medium","br_style":"none","brcolor":"#222222","sidebar_bdr":5,"sidebar_pd":10}}},"order":["heading","main","1648884254eae8e0bd","sidebar-page"]}