{"sections":{"heading":{"type":"heading-template","blocks":{"1_f7Jwbn":{"type":"1","settings":{"heading":"Starting your own Number Plate Business","fontf":"inherit","text_cl":"#ffffff","text_fs":53,"text_lh":0,"text_fw":700,"text_ls":0,"font_italic":false,"font_uppercase":false,"text_shadow":false,"text_mgb":0,"hidden_mobile":false,"text_fs_mb":20,"text_lh_mb":0,"text_ls_mb":0,"text_mgb_mobile":0}}},"block_order":["1_f7Jwbn"],"settings":{"heading_fullwidth":false,"image":"shopify:\/\/shop_images\/7920f165-fea0-4d10-88b3-6b334b4217d4.jpg","use_specify_image":true,"parallax":false,"color":"#000000","overlay":54,"padding":100,"paddingmb":50,"mg_b":0,"mg_bmb":0,"content_align":"t4s-text-center","bg_pos":"center center","bg_repeat":"no-repeat","bg_size":"cover","use_cus_css":false,"code_cus_css":".SectionID {\nbackground-color:red\n}"}},"main":{"type":"main-page","settings":{"layout":"t4s-container-fluid","cl_bg":"","cl_bg_gradient":"","mg":"60px,,60px,","pd":"","mg_tb":"","pd_tb":"","mg_mb":",,30px,","pd_mb":""}},"custom_html_q9HRbL":{"type":"custom-html","settings":{"code":"<h1>Welcome to Meena Lite: Your Gateway to the Number Plate Industry<\/h1>\n\n<p>Considering a venture into the lucrative world of number plate supplies? Meena Lite is your ideal partner, bringing unparalleled expertise in designing and manufacturing premier number plate solutions.<\/p>\n\n<h2>Part 1: Register of Number Plate Suppliers (RNPS)<\/h2>\n\n<p>The Registered Number Plate Supplier (RNPS) scheme is an essential component of the UK's vehicle registration plate industry, governed by the Driver and Vehicle Licensing Agency (DVLA). This scheme is designed to regulate the supply of number plates, ensuring that they meet strict legal standards for quality, design, and manufacture, as laid out in British Standard BS AU 145e.<\/p>\n\n<p>Registering with the <a href=\"https:\/\/www.gov.uk\/find-licences\/register-as-number-plate-supplier\/dvla\" target=\"_blank\">Register of Number Plate Suppliers (RNPS)<\/a> ensures your business operates within legal bounds. It's your first step towards a solid foundation in the number plate industry, and thus be your starting point before you look at making any purchases.<\/p>","layout":"t4s-container-wrap","cl_bg":"","cl_bg_gradient":"","mg":",,50px,","pd":"","mg_tb":"","pd_tb":"","mg_mb":",,30px,","pd_mb":"","use_cus_css":false,"code_cus_css":""}},"hero_image_fL9U4G":{"type":"hero_image","settings":{"se_height":"t4s_ratioadapt","custom_dk":true,"height_dk":600,"custom_tb":true,"height_tb":400,"custom_mb":true,"height_mb":250,"image":"shopify:\/\/shop_images\/Title.png","parallax":false,"image_position":"0","link_img1":"","open_link":"_blank","text_align":"center","text_align_mb":"center","content_width":"auto","cv_pos":50,"ch_pos":50,"cv_pos_mb":50,"ch_pos_mb":50,"bg_overlay":"#000","bg_opacity":0,"bg_content_cl":"#fff","bg_content_op":0,"content_pd_tb":15,"content_pd_lr":15,"content_pd_tb_mb":10,"content_pd_lr_mb":10,"border_bl":false,"br_color":"#222","br_bg":"#fff","br_opacity":50,"br_style":"solid","br_pd":20,"br_pd_mb":10,"time_animation":2,"animation_delay":40,"layout":"t4s-container-fluid","cl_bg":"","cl_bg_gradient":"","mg":",,50px,","pd":"","mg_tb":"","pd_tb":"","mg_mb":",,30px,","pd_mb":"","use_cus_css":false,"code_cus_css":""}},"accordion_pKtLNc":{"type":"accordion","blocks":{"accor_item_wgkyLJ":{"type":"accor_item","settings":{"icon":"none","title":"Key Aspects of the RNPS Scheme","content":"<h3>Key Aspects of the RNPS Scheme<\/h3><h3><\/h3><ol><li><strong>Supplier Registration:<\/strong> Businesses wishing to manufacture and sell number plates must register with the DVLA as part of the RNPS scheme. This involves demonstrating the ability to meet the required standards and agreeing to maintain these standards consistently.<br\/><br\/><\/li><li><strong>Record-Keeping:<\/strong> Registered suppliers are required to maintain detailed records of all number plates produced and sold. This includes the documentation provided by customers to prove their entitlement to a specific registration mark and their identity. These records must be kept for a minimum period of 3 years and be available for inspection by authorities if requested.<br\/><br\/><\/li><li><strong>Verification of Entitlement:<\/strong> Before producing a number plate, suppliers must verify that the customer has the right to use the registration number. This involves checking documents like the vehicle registration certificate (V5C) or a certificate of entitlement (V750 or V778).<br\/><br\/><\/li><li><strong>Prevention of Misuse:<\/strong> The RNPS scheme also aims to prevent the misuse of number plates, such as creating plates for stolen vehicles or creating 'show plates' that do not comply with the regulations but are used on public roads.<br\/><br\/><\/li><li><strong>Audits and Compliance Checks:<\/strong> The DVLA may conduct an audit and compliance checks on registered suppliers (Note: this would be an extremely rare circumstance) to ensure they adhere to the guidelines. Non-compliance can result in penalties or removal from the RNPS scheme.<\/li><\/ol>"}},"accor_item_UmfPxQ":{"type":"accor_item","settings":{"icon":"none","title":"The Benefits of RNPS Registration","content":"<h3>The Benefits of RNPS Registration<\/h3><ol><li><strong>Enhanced Credibility: <\/strong>Being registered on the RNPS not only legitimizes your business in the eyes of the law but also in the perception of potential customers. It's a mark of trustworthiness and compliance, indicating that your operation meets the stringent standards set by the DVLA.<br\/><br\/><\/li><li><strong>Public Listing on DVLA Website:<\/strong> One significant advantage of RNPS registration is the inclusion of your business details on the DVLA's public list of registered number plate suppliers. This visibility is more than just a listing; it's a beacon for credibility. Your company name, contact details, and registration status are accessible to anyone, underscoring your legitimacy and adherence to legal standards.<br\/><br\/><\/li><li><strong>Boost in Local Sales:<\/strong> The public listing acts as a powerful marketing tool, especially for attracting local business. Customers seeking number plate services often prefer the reassurance of a DVLA-registered supplier. This recognition can lead to an increase in local sales, as customers are more likely to trust and choose a registered, locally accessible supplier over an unregistered one.<br\/><br\/><\/li><li><strong>A Network of Trust: <\/strong>Being part of the RNPS and listed on the DVLA website creates a network of trust between you, your customers, and the authorities. It signifies that you're not just a business but a responsible member of the automotive community, committed to upholding legal standards and enhancing road safety.<\/li><\/ol>"}},"accor_item_xMJ6L9":{"type":"accor_item","settings":{"icon":"none","title":"FAQ's regarding RNPS registration","content":"<h3>FAQ's regarding RNPS registration<\/h3><ol><li><strong>How much does it cost to register on the RNPS?<\/strong> At the time of writing the fee to get registered to sell number plates is only £40.  Even better news however is that this is a one-off payment for lifetime membership which does not have to be renewed.<br\/><br\/><\/li><li><strong>Can I sell Number Plates without registering on RNPS?  <\/strong>It is a legal requirement to register prior to starting selling number plates.  If unregistered you would be risking a fine of £1000 and in addition deceiving your customers into believe what they are purchasing is road legal number plates when in fact that may not be the case.  <br\/><br\/><\/li><li><strong>Do I need to register on Companies House? <\/strong>To start up a number plate business there is no requirement to register yourself as an entity with Companies House.  Your business can be started up as a sole trader or a partnership.  This is the initial approach taken up by the vast majority of new startups.<br\/><br\/><\/li><li><strong>Do I need a VAT Number? <\/strong>As a new business, it is not necessary nor recommended to register for a VAT number.  This is an extensive topic on its own which we won'd delve too deeply into but in a nutshell, it is NOT better to be VAT registered, despite the initial perceived advantage of cheaper supplies after claiming VAT back.  At present the VAT threshold is £85,000 in a year.  Once your sales exceed this amount (and we hope they do!) it will become compulsary to register for a VAT number.  <\/li><\/ol>"}}},"block_order":["accor_item_wgkyLJ","accor_item_UmfPxQ","accor_item_xMJ6L9"],"settings":{"design_heading":"1","heading_align":"t4s-text-center","top_heading":"RNPS Information","icon_heading":"las la-gem","top_subheading":"","tophead_mb":30,"accor_des":"1","title_cl":"#222","bg_title_cl":"#f6f6f8","title_active_cl":"#000","bg_title_active_cl":"#f6f6f8","content_cl":"#878787","bg_content_cl":"#fff","content_align":"t4s-text-start","auto_active":true,"layout":"t4s-container-wrap","custom_width":1000,"cl_bg":"","cl_bg_gradient":"","mg":",,50px,","pd":"","mg_tb":"","pd_tb":"","mg_mb":",,30px,","pd_mb":"","use_cus_css":false,"code_cus_css":""}},"custom_html_eWiKPU":{"type":"custom-html","settings":{"code":"<h3>The Bottom Line<\/h3>\n\n<p>RNPS registration is more than a legal requirement; it's a cornerstone for building a reputable and successful number plate business in the UK. It offers a solid foundation of credibility, visibility, and trust, which are essential for attracting and retaining customers. For entrepreneurs venturing into this market, understanding and embracing the RNPS is a crucial step toward establishing a thriving enterprise.<\/p>\n\n<p> <\/p>\n\n<p> <\/p>\n\n<h3>Choose Your Meena Lite Startup Package<\/h3>\n\n<p>Our startup packages, starting at just £319, are tailored to suit all budgets, enabling you to craft 20 pairs of plates with potential returns of around £800. Opting for Meena Lite means subsequent supplies yield even higher margins, as the assembly kit is a one-time purchase.<\/p>\n\n<p>See below a comparison of our startup packages offered.<\/p>","layout":"t4s-container-wrap","cl_bg":"","cl_bg_gradient":"","mg":",,50px,","pd":"","mg_tb":"","pd_tb":"","mg_mb":",,30px,","pd_mb":"","use_cus_css":false,"code_cus_css":""}},"sidebar-page":{"type":"sidebar-page","blocks":{"f69681ed-b75e-42de-be58-fdf73b3b7e08":{"type":"blog_cate","disabled":true,"settings":{"title":"Blog categories","cat_link_list":"","count":true}},"shipping_6dTqBd":{"type":"shipping","settings":{"title":"Shipping & Delivery","shipping_1":"las la-truck,FREE SHIPPING,Free shipping for all US order","shipping_2":"las la-headset,SUPPORT 24\/7,We support 24 hours a day","shipping_3":"las la-exchange-alt,30 DAYS RETURN,You have 30 days to return","shipping_4":"","shipping_5":"","shipping_6":""}},"gallery_EwRjPP":{"type":"gallery","disabled":true,"settings":{"title":"gallery","link1":"","link2":"","link3":"","link4":"","link5":"","link6":"","link7":"","link8":"","link9":"","open_link":"_blank","round":0,"col_dk":"3","space_item":"6"}},"post_C8mw8M":{"type":"post","settings":{"title":"Recent Post","blog":"news","date":"date","limit_post":3,"image_ratio":"t4s_ratioadapt","image_size":"t4s_cover","image_position":"t4s_position_8"}},"image_QHDYdn":{"type":"image","settings":{"image_sidebar":"shopify:\/\/shop_images\/PRICE_GUARANTEE.png","b_link":"","open_link":"_self","img_effect":"zoom","date":"","content_align":"center","cdt_des":"1","countdown_pos":"2","cdt_size":"medium","box_bdr":31,"bd_width":0,"space_item":10,"number_cl":"#ffffff","text_cl":"#ffffff","border_cl":"#000000","bg_cl":"#000000"}}},"block_order":["f69681ed-b75e-42de-be58-fdf73b3b7e08","shipping_6dTqBd","gallery_EwRjPP","post_C8mw8M","image_QHDYdn"],"settings":{"enable_drawer":true,"space":50,"size":"medium","br_style":"none","brcolor":"#222222","sidebar_bdr":5,"sidebar_pd":10}},"pricing_tables_jLV9fe":{"type":"pricing-tables","blocks":{"package_3HHbEh":{"type":"package","settings":{"highlights_item":false,"heading":"Basic","package_label":"","package_label_bg":"#ff0000","price":31900,"des":"Silver Starter","txt":"3D Gel x210\n3mm Acrylic x210\nWhite Blanks x20\nYellow Blanks x20\nSticky Pads x150\nJig x1","button_text":"By now","button_link":"","button_style":"default","btns_size":"large","btns_cl":"dark","button_effect":"default","item_cl":"#0bd05a"}},"package_9NmqyH":{"type":"package","settings":{"highlights_item":true,"heading":"Regular","package_label":"Hot","package_label_bg":"#ff0000","price":51900,"des":"Gold Package","txt":"3D Gel x 350\n3mm Acrylic x350\nWhite Blanks x40\nYellow Blanks x40\nSticky Pads x300\nJig x1","button_text":"By now","button_link":"","button_style":"default","btns_size":"large","btns_cl":"dark","button_effect":"default","item_cl":"#0bd05a"}},"package_mrLpgt":{"type":"package","settings":{"highlights_item":false,"heading":"Premium","package_label":"","package_label_bg":"#ff0000","price":109900,"des":"The Platinum Standard","txt":"3D Gel x 350\n3mm Acrylic x350\n5mm Acrylic x350\n5mm Matte x350\nWhite Blanks x100\nYellow Blanks x100\nSticky Pads x800\nJig x1","button_text":"By now","button_link":"","button_style":"default","btns_size":"large","btns_cl":"dark","button_effect":"default","item_cl":"#0bd05a"}}},"block_order":["package_3HHbEh","package_9NmqyH","package_mrLpgt"],"settings":{"design_heading":"1","heading_align":"t4s-text-center","top_heading":"Wholesale Number Plate Startup Package Comparison","icon_heading":"las la-gem","top_subheading":"","tophead_mb":30,"package_des":"1","content_align":"center","target_link":"_blank","col_dk":"3","col_tb":"2","col_mb":"2","space_h_item":"30","space_v_item":"30","space_h_item_mb":"10","space_v_item_mb":"10","layout":"t4s-container-wrap","cl_bg":"","cl_bg_gradient":"","mg":",,50px,","pd":"","mg_tb":"","pd_tb":"","mg_mb":",,30px,","pd_mb":"","use_cus_css":false,"code_cus_css":""}},"custom_html_BFeGPw":{"type":"custom-html","settings":{"code":"<h3>3D\/4D Plates vs. Printer Bundles<\/h3>\n  <p>For newcomers, our 3D\/4D only kits are the perfect launchpad, offering a compact, user-friendly solution. Each kit, the size of two shoeboxes, simplifies the plate assembly process to mere minutes. Looking to expand? Our printer bundles cater to those aspiring to a full-fledged professional setup, accommodating a wider range of plate designs and enhancing brand trust.<\/p>\n\n  <h3>Why Meena Lite Stands Out<\/h3>\n  <p>Meena Lite is synonymous with quality and affordability. Our custom-sized and shaped blank plates, including the popular hex design, are not just products but a testament to our commitment to excellence. With options for laser engraving your company details and a comprehensive fulfillment service, we streamline your operations, making us the go-to choice for wholesale number plate supplies, bulk 3D\/4D digits, and more.<\/p>\n\n  <p>Dive into the world of number plate making with Meena Lite. Our expertise, innovative solutions, and dedicated support are here to fuel your business's growth. <a href=\"https:\/\/www.meenalite.com\/\">Explore our packages<\/a> and embark on a rewarding journey in the number plate industry.<\/p>\n\n<p>Embarking on a number plate supply business with Meena Lite is not just an opportunity; it's a journey towards creating a lucrative side hustle with minimal entry requirements. The potential to transform this venture into a significant source of annual income is immense, especially with strategic marketing and a commitment to quality.<\/p>\n  <p>Stick with it, and what starts as an additional income stream can flourish into your main occupation, offering financial stability and entrepreneurial satisfaction. Meena Lite is here to support you every step of the way, from startup to expansion, ensuring your success in the number plate industry.<\/p>","layout":"t4s-container-wrap","cl_bg":"","cl_bg_gradient":"","mg":",,50px,","pd":"","mg_tb":"","pd_tb":"","mg_mb":",,30px,","pd_mb":"","use_cus_css":false,"code_cus_css":""}}},"order":["heading","main","custom_html_q9HRbL","hero_image_fL9U4G","accordion_pKtLNc","custom_html_eWiKPU","sidebar-page","pricing_tables_jLV9fe","custom_html_BFeGPw"]}