{"sections":{"heading":{"type":"heading-template","settings":{"heading_fullwidth":false,"use_specify_image":true,"parallax":false,"color":"#000000","overlay":54,"padding":50,"paddingmb":50,"mg_b":50,"mg_bmb":50,"content_align":"t4s-text-center","bg_pos":"center center","bg_repeat":"no-repeat","bg_size":"cover","use_cus_css":false,"code_cus_css":".SectionID {\nbackground-color:red\n}"}},"main":{"type":"main-page","settings":{"layout":"t4s-container-wrap","cl_bg":"","cl_bg_gradient":"","mg":"60px,,60px,","pd":"","mg_tb":"","pd_tb":"","mg_mb":",,30px,","pd_mb":""}},"sidebar-page":{"type":"sidebar-page","blocks":{"f69681ed-b75e-42de-be58-fdf73b3b7e08":{"type":"blog_cate","disabled":true,"settings":{"title":"Blog categories","cat_link_list":"","count":true}},"shipping_6dTqBd":{"type":"shipping","settings":{"title":"Shipping & Delivery","shipping_1":"las la-truck,FREE SHIPPING,Free shipping for all US order","shipping_2":"las la-headset,SUPPORT 24\/7,We support 24 hours a day","shipping_3":"las la-exchange-alt,30 DAYS RETURN,You have 30 days to return","shipping_4":"","shipping_5":"","shipping_6":""}},"gallery_EwRjPP":{"type":"gallery","disabled":true,"settings":{"title":"gallery","link1":"","link2":"","link3":"","link4":"","link5":"","link6":"","link7":"","link8":"","link9":"","open_link":"_blank","round":0,"col_dk":"3","space_item":"6"}},"post_C8mw8M":{"type":"post","settings":{"title":"Recent Post","blog":"news","date":"date","limit_post":3,"image_ratio":"t4s_ratioadapt","image_size":"t4s_cover","image_position":"t4s_position_8"}},"image_QHDYdn":{"type":"image","settings":{"image_sidebar":"shopify:\/\/shop_images\/PRICE_GUARANTEE.png","b_link":"","open_link":"_self","img_effect":"zoom","date":"","content_align":"center","cdt_des":"1","countdown_pos":"2","cdt_size":"medium","box_bdr":31,"bd_width":0,"space_item":10,"number_cl":"#fff","text_cl":"#fff","border_cl":"#000","bg_cl":"#000"}}},"block_order":["f69681ed-b75e-42de-be58-fdf73b3b7e08","shipping_6dTqBd","gallery_EwRjPP","post_C8mw8M","image_QHDYdn"],"settings":{"enable_drawer":false,"space":50,"size":"medium","br_style":"none","brcolor":"#222222","sidebar_bdr":5,"sidebar_pd":10}}},"order":["heading","main","sidebar-page"]}