{"sections":{"170291145463124754":{"type":"apps","disabled":true,"settings":{}},"breadcrumb":{"type":"brc-nav-product","settings":{"breadcrumb_pr":true,"back_next_pr":true,"cl_bg":"#f6f6f6","cl_link":"#222222"}},"main":{"type":"main-product","blocks":{"title":{"type":"title","settings":{"txt_tr_pr":"none","fnt_df_pr":"1","size_pr":26,"fw_pr":700,"lh_pr":43,"ls_pr":3,"pr_title_color":"#222222"}},"95d4f334-8ea7-4cd2-b609-2373b1e848b8":{"type":"tab_des","disabled":true,"settings":{"title":"Description"}},"price_review":{"type":"price_review","settings":{"price":"0","type_sale":"0","tax_ship":true,"rating":false,"review_liquid":"","size_price_pr":28.5,"fw_price_pr":400,"price_color":"#696969","price_sale_color":"#ec0101"}},"text_D8WJJd":{"type":"text","settings":{"text":"<p>Inclusive of 20% VAT<\/p>"}},"form":{"type":"form","settings":{"selector_mode":"block","color_mode":"variant_image","enable_fit_ratio_img":false,"color_size":"large","show_qty":true,"enable_wishlist":true,"enable_compare":true,"btn_atc_full":true,"pr_btn_round":11,"ani":"t4s-ani-flash","time":6,"btn_txt":"3","btn_icon":false,"button_style":"outline","button_color":"dark","button_effect":"sweep-to-top","wishlist_color":"#222222","wishlist_color_hover":"#56cfe1","wishlist_color_active":"#e81e1e","compare_color":"#222222","compare_color_hover":"#56cfe1","compare_color_active":"#222222","show_dynamic_checkout":true,"btn_txt2":"3","button_color_payment":"dark","show_gift_card_recipient":true,"product_list":"{{ product.metafields.theme.grouped.value }}","show_product_current":true,"qty_val":"1","advance_label":"Options: {{ product.metafields.theme.advance_label.value }}","advance_pr_list":"{{ product.metafields.theme.advance_pr_type.value }}"}},"description":{"type":"description","settings":{"des":"1","text":"<p>{{ shop.brand.short_description }}<\/p>","length":31,"readm":false,"readm_txt":"Read more"}},"23551ebc-3be1-40d6-81b2-30f03478cccb":{"type":"img","disabled":true,"settings":{"al":"start","mess":"","size":16,"source":"1","wimg":70,"svg":"amazon_payments,american_express,apple_pay,bitcoin,dankort,diners_club,discover,dogecoin,dwolla,forbrugsforeningen,interac,google_pay,jcb,klarna,klarna-pay-later,litecoin,maestro,master,paypal,shopify_pay,sofort,visa","height":11}},"size_delivery_ask":{"type":"size_delivery_ask","settings":{"size_chart":"3","pos_sizeg":"1","sc_type":"1","page":"size-chart","size_ck":"","delivery":true,"page_dr":"delivery-return","ask":true,"phone":true}},"e36839f5-0847-44e2-97d3-2885597bd1ff":{"type":"tab_add","disabled":true,"settings":{"title":"Additional Information"}},"754ad4a0-7308-4a3e-b325-e2f2c0b85d4c":{"type":"tab_html","disabled":true,"settings":{"title":"Custom tab","content":"","page":"wash-care"}},"56e67368-7424-4d73-8f14-dacdda4c59be":{"type":"tab_rivui","disabled":true,"settings":{"title":"Reviews","review_liquid":""}},"94011ade-ec25-4d68-b37a-70660ede49dd":{"type":"social","settings":{"socials_align":"start","social_mode":"2","social_style":"1","social_size":"extra_small","bd_radius":0,"use_color_set":true,"icon_cl":"#222222","bg_cl":"#00badb","space_h_item":"20","space_v_item":"5","space_h_item_mb":"20","space_v_item_mb":"4"}},"bded529b-9b8f-4d5c-8f04-5de0b22e627d":{"type":"tab_html","settings":{"title":"Collapsible tab","content":"","page":""}},"a860ea29-bdaa-4687-b929-204b2ac3fd34":{"type":"properties","disabled":true,"settings":{"type":"short","heading":"Your name","options":"option1, option2","required":false,"show_at_checkout":true,"visibility":"all","collection_based":[],"type_based":"","tag_based":"","product_based":[]}}},"block_order":["title","95d4f334-8ea7-4cd2-b609-2373b1e848b8","price_review","text_D8WJJd","form","description","23551ebc-3be1-40d6-81b2-30f03478cccb","size_delivery_ask","e36839f5-0847-44e2-97d3-2885597bd1ff","754ad4a0-7308-4a3e-b325-e2f2c0b85d4c","56e67368-7424-4d73-8f14-dacdda4c59be","94011ade-ec25-4d68-b37a-70660ede49dd","bded529b-9b8f-4d5c-8f04-5de0b22e627d","a860ea29-bdaa-4687-b929-204b2ac3fd34"],"settings":{"pr_layout":"wide","enable_sticky_info":true,"media_layout":"thumbnails_bottom","media_size":"small","thumb_lr_size":"medium","image_ratio":"ratioadapt","image_size":"cover","image_position":"default","main_click":"zoom","zoom_tp":"external","enable_zoom_icon":true,"enable_zoom_click_mb":true,"enable_video_looping":false,"enable_video_muting":true,"enable_video_autoplaying":true,"eff":"slide","nav_btn":true,"btn_vi":"always","btn_owl":"default","btn_shape":"rotate","btn_cl":"dark","btn_size":"small","btn_hidden_mobile":false,"nav_dot":false,"dot_owl":"elessi","dots_cl":"dark","dots_round":true,"dots_space":10,"dots_hidden_mobile":false,"tabs_design":"accordion","tabs_design_mb":"tab","tabs_position":"inner","enable_first_tab":true,"tabs_layout_fix":"full","bg":"#f6f6f8","bg_mb":"#ffffff","product_list":[],"sticky_mode":"2","sticky_show":"2","sticky_layout_mb":"default","enable_select":true,"ani":"t4s-ani-heartBeat","time":8}},"sidebar":{"type":"sidebar-product","blocks":{"83340bb8-58d2-4148-89e2-a4c7a01cf792":{"type":"instagram","disabled":true,"settings":{"title_ins":"Instagram","mode":"2","acc":"","limit":12,"open_link":"_blank","round":0,"col_dk":"3","space_item":"6"}},"9ce9ded8-1cef-4e32-b98b-47364ffa328c":{"type":"shipping","settings":{"title":"Shipping & Delivery","shipping_1":"las la-truck,FREE DELIVERY,Free shipping on orders over £50","shipping_2":"las la-headset,SUPPORT 24\/7,We support 24 hours a day","shipping_3":"las la-exchange-alt,30 DAYS RETURN,No Quibble 30 Day Returns","shipping_4":"","shipping_5":"","shipping_6":""}},"4a9c6ae8-f3b4-4192-a6d1-82d01670bce6":{"type":"image","settings":{"image_sidebar":"shopify:\/\/shop_images\/PRICE_GUARANTEE.png","b_link":"","open_link":"_self","img_effect":"none","date":"2022\/12\/26","content_align":"center","cdt_des":"2","countdown_pos":"2","cdt_size":"medium","box_bdr":0,"bd_width":0,"space_item":10,"number_cl":"#ffffff","text_cl":"#ffffff","border_cl":"#000000","bg_cl":"#000000"}},"text_gkWVyf":{"type":"text","settings":{"title_cus_html":"Talk to Us!","text_html":"<p>Holding huge stocks, we are in a position to be able to promise to beat the prices offered by your existing suppliers by at least 10%.  <a href=\"https:\/\/www.meenalite.com\/pages\/contact\" target=\"_blank\" title=\"https:\/\/www.meenalite.com\/pages\/contact\">Get in contact<\/a> with us now for a custom quote!<\/p>"}}},"block_order":["83340bb8-58d2-4148-89e2-a4c7a01cf792","9ce9ded8-1cef-4e32-b98b-47364ffa328c","4a9c6ae8-f3b4-4192-a6d1-82d01670bce6","text_gkWVyf"],"settings":{"enable_drawer":false,"space":50,"size":"small","br_style":"solid","brcolor":"#222222","sidebar_bdr":6,"sidebar_pd":10}},"product-recommendations":{"type":"product-recommendations","settings":{"show":true,"design_heading":"4","heading_align":"t4s-text-center","top_heading":"You May Also Like","icon_heading":"las la-gem","top_subheading":"","tophead_mb":30,"product_des":"1","show_vendor":false,"use_cdt":false,"limit":12,"display_type":"4","image_ratio":"ratio4_3","image_size":"nt_cover","image_position":"8","content_align":"default","col_dk":"4","col_tb":"2","col_mb":"2","space_h_item":"30","space_v_item":"30","space_h_item_mb":"10","space_v_item_mb":"10","layout_des":"2","loop":true,"au_time":0,"au_hover":true,"nav_btn":true,"btn_vi":"1","btn_owl":"outline","btn_shape":"round","btn_cl":"dark","btn_size":"small","btn_hidden_mobile":true,"nav_dot":false,"dot_owl":"1","dots_cl":"dark","dots_round":true,"dots_space":10,"dots_hidden_mobile":false,"layout":"t4s-container-wrap","cl_bg":"","cl_bg_gradient":"","mg":"75px,,50px,","pd":"","mg_tb":"","pd_tb":"","mg_mb":",,30px,","pd_mb":""}},"recently-viewed-products":{"type":"recently_viewed","settings":{"show":true,"design_heading":"4","heading_align":"t4s-text-center","top_heading":"Recently Viewed","icon_heading":"las la-gem","top_subheading":"","tophead_mb":30,"product_des":"1","show_vendor":false,"use_cdt":false,"limit":14,"sortby":"1","unavailable_prs":"show","image_ratio":"ratio4_3","image_size":"cover","image_position":"8","content_align":"default","col_dk":"4","col_tb":"2","col_mb":"2","space_h_item":"30","space_v_item":"30","space_h_item_mb":"10","space_v_item_mb":"10","layout_des":"2","loop":true,"au_time":0,"au_hover":true,"nav_btn":true,"btn_vi":"always","btn_owl":"outline","btn_shape":"round","btn_cl":"dark","btn_size":"small","btn_hidden_mobile":true,"nav_dot":false,"dot_owl":"default","dots_cl":"dark","dots_round":true,"dots_space":10,"dots_hidden_mobile":false,"layout":"t4s-container-wrap","cl_bg":"","cl_bg_gradient":"","mg":"75px,,50px,","pd":"","mg_tb":"","pd_tb":"","mg_mb":",,30px,","pd_mb":""}}},"order":["170291145463124754","breadcrumb","main","sidebar","product-recommendations","recently-viewed-products"]}