{"current":{"purchase_code":"q","home_keywords":"Wholesale number plates, blank plates. 4d number plate supplies, 4d digits, gel letters, 4d letters, number plate reflectives, number plate blanks, number plate supplier,","use_rtl":"0","timezone":"","header_design":"inline","logo":"shopify:\/\/shop_images\/transparent.png","logo_width":350,"logos":"shopify:\/\/shop_images\/kalles.png","logos_width":180,"logo_mb":"shopify:\/\/shop_images\/jbn.jpg","logo_mb_width":145,"logo_tr":"shopify:\/\/shop_images\/header-logo-01.png","logo_tr_width":95,"mobile_nav_type":"2","accent_color":"#0bd05a","secondary_color":"#222","border_primary_color":"#0bd05a","price_primary":"#0bd05a","link_color_hover":"#0bd05a","cl_lazyload":"#0bd05a","sw_secondary":"#0bd05a","font_source":"1","fnt_fm_sp1":"din_neuzeit_grotesk_n3","fnt_fm_sp2":"din_next_n4","fnt_fm_sp3":"arimo_n4","fnt_fm_gg2":"Poppins","fnt_fm_gg3":"Libre Baskerville","hd_ffamily":"1","wishlist_mode":"1","enable_compe":true,"app_review":"2","badge_shape":"2","label_sale_style":"2","use_new_badge":false,"new_badge_color":"#109533","custom_badge_color":"#00A500","color_ck":"Type, Colour,","price_varies_style":"2","enable_quickview":true,"type_qv":"1","enable_quickshop":false,"show_qty":true,"pr_border_style":"1","enable_pr_color":false,"swatch_color_style":"1","swatch_item_style":"2","show_color_type":"1","show_img":"2","pr_img_effect":"2","pr_curent":"3","use_group_media":true,"use_change_variant_by_img":true,"enable_his":true,"variant_remove":"2","share_source":"1","edit_item":"0","after_action_atc":"0","cart_type":"disable","free_ship_pr":"free-shipping-on-orders-over-49","des_shipbar_per_3":80,"gift_wrap_pr":"gift-wrap","btn_arrow":"double_short_arrow","filter_type_search":true,"show_search_suggest":true,"search_prs_suggest":"women","show_search_hotkey":true,"currency_code_enabled":false,"currency_type":"1","size_currency":"sm","round_currency":false,"notify_currency":true,"hover_currency":false,"colors_css":false,"share_pinterest":false,"share_tumblr":false,"share_telegram":true,"share_whatsapp":true,"social_facebook_link":"#","social_twitter_link":"#","social_instagram_link":"#","social_dribbble_link":"","social_linkedin_link":"#","social_pinterest_link":"#","social_tumblr_link":"","social_snapchat_link":"","social_youtube_link":"","social_vimeo_link":"","social_behance_link":"","social_soundcloud_link":"","social_tiktok_link":"","favicon":"shopify:\/\/shop_images\/transparent_sq.png","checkout_header_image":"shopify:\/\/shop_images\/IMG_4048.jpg","checkout_logo_image":"shopify:\/\/shop_images\/transparent.png","checkout_logo_size":"large","checkout_sidebar_background_color":"#0ca74a","pr_incoming_mess":true,"use_vimg":true,"sticky_atc":true,"fnt_fm_button":"1","sections":{"bottom-bar":{"type":"bottom-bar","blocks":{"2433b4f1-5bdc-49a9-ba42-a51f4eb6d8e3":{"type":"bl_col","settings":{"col_heading":"","menu":"","col_dk":"7","col_tb":"6","col_mb":"12","content_align":"t4s-text-md-start","padding_inner":"","col_heading_mobile":"","content_align_mb":"t4s-text-center","padding_inner_mb":""}},"b3c6ceca-2d54-4a14-b482-bb86cbf25f08":{"type":"copyR","settings":{"text":"Copyright © [year] <span class=\"t4s-cp\">Meena Supplies Limited<\/span> all rights reserved.","mgb":0,"mgb_mb":0}},"47f5eb4c-1063-495d-bfc4-a54c62d219aa":{"type":"bl_col","settings":{"col_heading":"","menu":"","col_dk":"4","col_tb":"5","col_mb":"12","content_align":"t4s-text-md-end","padding_inner":"","col_heading_mobile":"","content_align_mb":"t4s-text-center","padding_inner_mb":""}}},"block_order":["2433b4f1-5bdc-49a9-ba42-a51f4eb6d8e3","b3c6ceca-2d54-4a14-b482-bb86cbf25f08","47f5eb4c-1063-495d-bfc4-a54c62d219aa"],"settings":{"hidden_bottombar":false,"border_top":false,"border_pos":"in","space_h_item":"30","space_v_item":"0","space_h_item_mb":"0","space_v_item_mb":"0","heading_fontf":"inherit","heading_fs":16,"heading_lh":22,"heading_fw":500,"heading_ls":0,"mgb":30,"mgb_mb":20,"text_fs":14,"text_fw":400,"heading_cl":"#222222","text_cl":"#878787","link_cl":"#878787","link_hover_cl":"#56cfe1","border_cl":"#e6e6e6","layout":"t4s-container-wrap","cl_bg":"","cl_bg_gradient":"","mg":"","pd":"20px,,5px,","mg_tb":"","pd_tb":"","mg_mb":"","pd_mb":"20px,,5px,"}},"footer":{"type":"footer","blocks":{"footer-0":{"type":"bl_col","settings":{"col_heading":"Our Company","menu":"","menu_style":"1","col_border":"right","col_dk":"5","col_tb":"6","col_mb":"12","content_align":"t4s-text-md-start","padding_inner":"","content_align_tb":"t4s-text-md-start","padding_inner_tb":"","col_heading_mobile":"Get in touch","content_align_mb":"t4s-text-start","padding_inner_mb":""}},"de84a111-3ed0-40a2-b86a-1e81488e9bff":{"type":"image","settings":{"image_child":"shopify:\/\/shop_images\/transparent_cropped_8c8a99f2-2c9e-4d87-8c39-223d91433304.png","link_img":"","img_width":200,"img_width_mb":0,"mgb":34,"mgb_mb":24}},"footer-2":{"type":"html","settings":{"html_content":"<p style=\"display:flex;\"><svg style=\"width: 30px;height: 30px;vertical-align: middle;margin-right: 5px;\" viewbox=\"0 0 32 32\" width=\"32\" height=\"32\"><path fill=\"currentColor\" d=\"M 16.001 1.072 c 5.291 0 9.596 4.305 9.596 9.597 c 0 1.683 -0.446 3.341 -1.29 4.799 l -8.307 14.394 l -8.308 -14.395 c -0.843 -1.456 -1.289 -3.115 -1.289 -4.798 c 0 -5.292 4.305 -9.597 9.597 -9.597 Z M 16.001 14.4 c 2.058 0 3.731 -1.674 3.731 -3.731 s -1.674 -3.731 -3.731 -3.731 c -2.058 0 -3.732 1.674 -3.732 3.731 s 1.674 3.731 3.732 3.731 Z M 16.001 0.006 c -5.889 0 -10.663 4.775 -10.663 10.663 c 0 1.945 0.523 3.762 1.432 5.332 l 9.23 15.994 l 9.23 -15.994 c 0.909 -1.57 1.432 -3.387 1.432 -5.332 c 0 -5.888 -4.774 -10.663 -10.662 -10.663 v 0 Z M 16.001 13.334 c -1.472 0 -2.666 -1.193 -2.666 -2.665 c 0 -1.471 1.194 -2.665 2.666 -2.665 s 2.665 1.194 2.665 2.665 c 0 1.472 -1.193 2.665 -2.665 2.665 v 0 Z\"><\/path><\/svg><span>Meena Supplies Limited<\/span><\/p><p>\n8 Mill Lane<\/p><p>Blackburn<\/p><p>BB2 2AU<\/p> <p style=\"display:flex;\"><svg style=\"width: 24px;height: 24px;vertical-align: middle;margin-right: 5px;\" viewbox=\"0 0 32 32\" width=\"32\" height=\"32\"><path fill=\"currentColor\" d=\"M 28.244 7.47 h -25.572 v 17.06 h 26.656 v -17.06 h -1.084 Z M 27.177 8.536 l -10.298 10.298 c -0.47 0.47 -1.289 0.47 -1.759 0 l -10.3 -10.298 h 22.356 Z M 3.738 8.961 l 6.923 6.922 l -6.923 6.923 v -13.846 Z M 4.589 23.464 l 6.827 -6.826 l 2.951 2.95 c 0.436 0.436 1.016 0.677 1.633 0.677 s 1.197 -0.241 1.633 -0.677 l 2.951 -2.951 l 6.826 6.826 h -22.822 Z M 28.262 22.807 l -6.923 -6.924 l 6.923 -6.924 v 13.848 Z\"><\/path><\/svg><span>meenasupplies@gmail.com<\/span><\/p> \n<p style=\"display:flex;\"><svg style=\"width: 24px;height: 24px;vertical-align: middle;margin-right: 5px;\" viewbox=\"0 0 32 32\" width=\"32\" height=\"32\"><path fill=\"currentColor\" d=\"M 23.407 30.394 c -2.431 0 -8.341 -3.109 -13.303 -9.783 c -4.641 -6.242 -6.898 -10.751 -6.898 -13.785 c 0 -2.389 1.65 -3.529 2.536 -4.142 l 0.219 -0.153 c 0.979 -0.7 2.502 -0.927 3.086 -0.927 c 1.024 0 1.455 0.599 1.716 1.121 c 0.222 0.442 2.061 4.39 2.247 4.881 c 0.286 0.755 0.192 1.855 -0.692 2.488 l -0.155 0.108 c -0.439 0.304 -1.255 0.869 -1.368 1.557 c -0.055 0.334 0.057 0.684 0.342 1.068 c 1.423 1.918 5.968 7.55 6.787 8.314 c 0.642 0.6 1.455 0.685 2.009 0.218 c 0.573 -0.483 0.828 -0.768 0.83 -0.772 l 0.059 -0.057 c 0.048 -0.041 0.496 -0.396 1.228 -0.396 c 0.528 0 1.065 0.182 1.596 0.541 c 1.378 0.931 4.487 3.011 4.487 3.011 l 0.05 0.038 c 0.398 0.341 0.973 1.323 0.302 2.601 c -0.695 1.327 -2.85 4.066 -5.079 4.066 Z M 9.046 2.672 c -0.505 0 -1.746 0.213 -2.466 0.728 l -0.232 0.162 c -0.827 0.572 -2.076 1.435 -2.076 3.265 c 0 2.797 2.188 7.098 6.687 13.149 c 4.914 6.609 10.532 9.353 12.447 9.353 c 1.629 0 3.497 -2.276 4.135 -3.494 c 0.392 -0.748 0.071 -1.17 -0.04 -1.284 c -0.36 -0.241 -3.164 -2.117 -4.453 -2.988 c -0.351 -0.238 -0.688 -0.358 -0.999 -0.358 c -0.283 0 -0.469 0.1 -0.532 0.14 c -0.104 0.111 -0.39 0.405 -0.899 0.833 c -0.951 0.801 -2.398 0.704 -3.424 -0.254 c -0.923 -0.862 -5.585 -6.666 -6.916 -8.459 c -0.46 -0.62 -0.641 -1.252 -0.538 -1.877 c 0.187 -1.133 1.245 -1.866 1.813 -2.26 l 0.142 -0.099 c 0.508 -0.363 0.4 -1.02 0.316 -1.242 c -0.157 -0.414 -1.973 -4.322 -2.203 -4.781 c -0.188 -0.376 -0.336 -0.533 -0.764 -0.533 Z\"><\/path><\/svg><span>01254 457357<\/span><\/p>","hidden_mobile":false}},"footer-3":{"type":"cus_socials","settings":{"title":"","social_mode":"1","social_style":"1","social_size":"small","bd_radius":0,"use_color_set":false,"icon_cl":"#878787","bg_cl":"#56cfe1","space_h_item":"20","space_v_item":"5","space_h_item_mb":"20","space_v_item_mb":"2","mgb":0}},"footer-4":{"type":"bl_col","settings":{"col_heading":"Categories","menu":"products","menu_style":"1","col_border":"right","col_dk":"3","col_tb":"6","col_mb":"12","content_align":"t4s-text-md-start","padding_inner":"5px,0,0,0","content_align_tb":"t4s-text-md-start","padding_inner_tb":"","col_heading_mobile":"","content_align_mb":"t4s-text-start","padding_inner_mb":""}},"footer-6":{"type":"bl_col","settings":{"col_heading":"Infomation","menu":"","menu_style":"1","col_border":"none","col_dk":"3","col_tb":"6","col_mb":"12","content_align":"t4s-text-md-start","padding_inner":"5px,0,0,0","content_align_tb":"t4s-text-md-start","padding_inner_tb":"","col_heading_mobile":"","content_align_mb":"t4s-text-start","padding_inner_mb":""}},"footer-10":{"type":"bl_col","disabled":true,"settings":{"col_heading":"Newsletter Signup","menu":"","menu_style":"1","col_border":"none","col_dk":"3","col_tb":"6","col_mb":"12","content_align":"t4s-text-md-start","padding_inner":"5px,0,0,0","content_align_tb":"t4s-text-md-start","padding_inner_tb":"","col_heading_mobile":"","content_align_mb":"t4s-text-start","padding_inner_mb":""}},"footer-11":{"type":"custom_text","settings":{"text":"Subscribe to our newsletter and get all the latest updates in the number plate space and exclusive offers.","remove_br_tag":false,"tag":"p","fontf":"inherit","text_cl":"#878787","text_fs":14,"text_lh":24,"text_fw":400,"text_ls":0,"font_italic":false,"text_shadow":false,"text_mgb":18,"hidden_mobile":false,"text_fs_mb":16,"text_lh_mb":0,"text_ls_mb":0,"text_mgb_mobile":18}},"footer-12":{"type":"newsletter","settings":{"form_width":0,"form_width_mb":0,"newl_des":"1","news_align":"start","newl_size":"small","btn_icon":false,"input_cl":"#878787","border_cl":"#000000","btn_cl":"#ffffff","btn_bg_cl":"#222222","btn_hover_cl":"#ffffff","btn_hover_bg_cl":"#56cfe1","hidden_mobile":false,"mgb":22,"mgb_mb":20}},"385c1474-1235-4a3d-b73c-9555b5f8dcfb":{"type":"image","settings":{"link_img":"","img_width":0,"img_width_mb":0,"mgb":20,"mgb_mb":20}},"33eb929e-a001-4d96-82a0-5aab1aaabaea":{"type":"payments","disabled":true,"settings":{"svg":"visa,paypal,maestro,american_express,discover","height":30,"hidden_mobile":false,"mgb":20,"mgb_mb":10}}},"block_order":["footer-0","de84a111-3ed0-40a2-b86a-1e81488e9bff","footer-2","footer-3","footer-4","footer-6","footer-10","footer-11","footer-12","385c1474-1235-4a3d-b73c-9555b5f8dcfb","33eb929e-a001-4d96-82a0-5aab1aaabaea"],"settings":{"sticky":false,"collapse":true,"border_top":false,"enable_follow_on_shop":true,"border_pos":"in","space_h_item":"30","space_v_item":"30","space_h_item_tb":"15","space_v_item_tb":"30","space_h_item_mb":"0","space_v_item_mb":"30","heading_fontf":"inherit","heading_fs":16,"heading_lh":22,"heading_fw":500,"heading_ls":0,"mgb":30,"mgb_mb":20,"text_fs":14,"text_fw":400,"heading_cl":"#222222","text_cl":"#878787","link_cl":"#878787","link_hover_cl":"#56cfe1","border_cl":"#e6e6e6","layout":"t4s-container-wrap","cl_bg":"#f6f6f8","cl_bg_gradient":"","mg":"","pd":"75px,,75px,","mg_tb":"","pd_tb":"","mg_mb":"","pd_mb":"45px,,45px,"}},"announcement-bar":{"type":"announcement-bar","blocks":{"announcement-bar-0":{"type":"announcement","disabled":true,"settings":{"link":"","content":"<p>10% off All orders until the new year!  <strong>[countdown]<\/strong>. Hurry Up [icon_arrow]<\/p>","adding_border":false,"countdown":"2024\/01\/01","txt_day":"days","dayx":0}},"announcement-bar-1":{"type":"announcement","disabled":true,"settings":{"link":"","content":"<p><strong>Free Delivery <\/strong>On orders over £49!<\/p>","adding_border":false,"countdown":"2023\/12\/26","txt_day":"days","dayx":0}},"announcement-bar-2":{"type":"announcement","disabled":true,"settings":{"link":"","content":"<p>Today deal sale off <strong>70%<\/strong>. End in <strong>[countdown]<\/strong>. Hurry Up [icon_arrow]<\/p>","adding_border":false,"countdown":"2023\/12\/26","txt_day":"days","dayx":0}}},"block_order":["announcement-bar-0","announcement-bar-1","announcement-bar-2"],"settings":{"show_announcement":false,"effect":"1","au_time":3.5,"height":45,"fontsize":12,"cl":"#ffffff","bg":"#0bd05a","bg_op":100,"close":"1","cl_btn":"#ffffff","version":"1","date":60}},"top-bar":{"type":"top-bar","blocks":{"top-bar-0":{"type":"html","settings":{"html":"<svg xmlns=\"http:\/\/www.w3.org\/2000\/svg\" width=\"16\" height=\"16\" viewbox=\"0 0 32 32\" xmlns:xlink=\"http:\/\/www.w3.org\/1999\/xlink\">\n   <path d=\"M23.407 30.394c-2.431 0-8.341-3.109-13.303-9.783-4.641-6.242-6.898-10.751-6.898-13.785 0-2.389 1.65-3.529 2.536-4.142l0.219-0.153c0.979-0.7 2.502-0.927 3.086-0.927 1.024 0 1.455 0.599 1.716 1.121 0.222 0.442 2.061 4.39 2.247 4.881 0.286 0.755 0.192 1.855-0.692 2.488l-0.155 0.108c-0.439 0.304-1.255 0.869-1.368 1.557-0.055 0.334 0.057 0.684 0.342 1.068 1.423 1.918 5.968 7.55 6.787 8.314 0.642 0.6 1.455 0.685 2.009 0.218 0.573-0.483 0.828-0.768 0.83-0.772l0.059-0.057c0.048-0.041 0.496-0.396 1.228-0.396 0.528 0 1.065 0.182 1.596 0.541 1.378 0.931 4.487 3.011 4.487 3.011l0.050 0.038c0.398 0.341 0.973 1.323 0.302 2.601-0.695 1.327-2.85 4.066-5.079 4.066zM9.046 2.672c-0.505 0-1.746 0.213-2.466 0.728l-0.232 0.162c-0.827 0.572-2.076 1.435-2.076 3.265 0 2.797 2.188 7.098 6.687 13.149 4.914 6.609 10.532 9.353 12.447 9.353 1.629 0 3.497-2.276 4.135-3.494 0.392-0.748 0.071-1.17-0.040-1.284-0.36-0.241-3.164-2.117-4.453-2.988-0.351-0.238-0.688-0.358-0.999-0.358-0.283 0-0.469 0.1-0.532 0.14-0.104 0.111-0.39 0.405-0.899 0.833-0.951 0.801-2.398 0.704-3.424-0.254-0.923-0.862-5.585-6.666-6.916-8.459-0.46-0.62-0.641-1.252-0.538-1.877 0.187-1.133 1.245-1.866 1.813-2.26l0.142-0.099c0.508-0.363 0.4-1.020 0.316-1.242-0.157-0.414-1.973-4.322-2.203-4.781-0.188-0.376-0.336-0.533-0.764-0.533z\" fill=\"currentColor\"><\/path>\n<\/svg>\n<a class=\"t4s-ct\" href=\"tel:%20+44%201254%20457357\"> +44 1254 457357<\/a> \n<svg class=\"ml__15\" xmlns=\"http:\/\/www.w3.org\/2000\/svg\" width=\"16\" height=\"16\" viewbox=\"0 0 32 32\" xmlns:xlink=\"http:\/\/www.w3.org\/1999\/xlink \">\n   <path d=\"M28.244 7.47h-25.572v17.060h26.656v-17.060h-1.084zM27.177 8.536l-10.298 10.298c-0.47 0.47-1.289 0.47-1.759 0l-10.3-10.298h22.356zM3.738 8.961l6.923 6.922-6.923 6.923v-13.846zM4.589 23.464l6.827-6.826 2.951 2.95c0.436 0.436 1.016 0.677 1.633 0.677s1.197-0.241 1.633-0.677l2.951-2.951 6.826 6.826h-22.822zM28.262 22.807l-6.923-6.924 6.923-6.924v13.848z\" fill=\"currentColor\"><\/path>\n<\/svg> \n<a class=\"t4s-ct\" href=\"mailto:meenasupplies@gmail.com\">Email Us<\/a>","hide":false,"text_align":"start","col":"4"}},"top-bar-1":{"type":"text","settings":{"text":"<p><strong>Free Delivery <\/strong>With your Wholesale Number Plate Supplies on orders over £49! <a href=\"\/collections\" title=\"All collections\">Shop Now<\/a><\/p>","adding_border":false,"countdown":"2023\/12\/26","txt_day":"days","dayx":0,"effect":"1","au_time":3.5,"fw_bold":400,"cl_a":"#0bd05a","cl_bold":"#ec0101","cl_a_tr":"#ffffff","cl_bold_tr":"#ec0101","hide":false,"text_align":"center","col":"4"}},"top-bar-2":{"type":"cur","settings":{"show_currency":false,"show_language":false,"use_location":true,"txt_location":"Location & Contact Form","url_location":"shopify:\/\/pages\/contact","open_link":"_self","hide":false,"text_align":"end","col":"4"}}},"block_order":["top-bar-0","top-bar-1","top-bar-2"],"settings":{"show_topbar":true,"topbar_transparent":false,"height":45,"fontsize":12,"cl":"#878787","cl_a_hover":"#56cfe1","bg":"#f6f6f8","bg_op":100,"show_border":false,"bd_cl":"#000000","cl_tr":"#ffffff","cl_a_hover_tr":"#56cfe1","bg_tr":"#0bd05a","bg_op_tr":10,"show_border_tr":false,"bd_cl_tr":"#b3b3b3"}},"header-inline":{"type":"header-inline","blocks":{"29bff467-3c78-42eb-bb56-8f2225df874b":{"type":"mega","settings":{"title":"3D & 4D Letters","url":"shopify:\/\/collections\/3d-4d-letters","open_link":"_self","icon":"","cus_cl":false,"cl":"#ec0101","lb":"","lb_cl":"#00badb","pos_sub":"bottom","wid":"cus","cus_wid":700,"id":1,"enable_packery":true,"r_s_h_item":"20","r_s_v_item":"30"}},"ec9af3a5-9087-4d30-891e-48fab09205c1":{"type":"mega","settings":{"title":"Blanks","url":"shopify:\/\/collections\/blank-plates","open_link":"_self","icon":"","cus_cl":false,"cl":"#ec0101","lb":"","lb_cl":"#00badb","pos_sub":"bottom","wid":"cus","cus_wid":650,"id":2,"enable_packery":true,"r_s_h_item":"20","r_s_v_item":"30"}},"ad292734-0401-44c1-a725-c8061580074b":{"type":"mega","settings":{"title":"Borders","url":"shopify:\/\/collections\/borders","open_link":"_self","icon":"","cus_cl":false,"cl":"#ec0101","lb":"","lb_cl":"#00badb","pos_sub":"bottom","wid":"cus","cus_wid":1200,"id":3,"enable_packery":true,"r_s_h_item":"20","r_s_v_item":"30"}},"94ed8696-394d-4356-b14c-1c401a19bd4f":{"type":"mega","settings":{"title":"Laser Cutting","url":"shopify:\/\/collections\/laser-supplies","open_link":"_self","icon":"","cus_cl":false,"cl":"#ec0101","lb":"","lb_cl":"#00badb","pos_sub":"bottom","wid":"cus","cus_wid":1200,"id":4,"enable_packery":true,"r_s_h_item":"20","r_s_v_item":"30"}},"2cc971ba-67fb-446e-b64d-b3abe3b6d435":{"type":"mega","disabled":true,"settings":{"title":"Startup Kits","url":"shopify:\/\/products\/fuss-free-instant-number-plate-startup-business-in-a-box-kit","open_link":"_self","icon":"","cus_cl":false,"cl":"#ec0101","lb":"","lb_cl":"#00badb","pos_sub":"bottom","wid":"cus","cus_wid":1200,"id":5,"enable_packery":true,"r_s_h_item":"20","r_s_v_item":"30"}},"fccf8009-e231-439c-ad6e-54a4ffcf5cc5":{"type":"mega","disabled":true,"settings":{"title":"Packaging","url":"shopify:\/\/collections\/packaging","open_link":"_self","icon":"","cus_cl":false,"cl":"#ec0101","lb":"","lb_cl":"#00badb","pos_sub":"bottom","wid":"cus","cus_wid":1200,"id":6,"enable_packery":true,"r_s_h_item":"20","r_s_v_item":"30"}},"cf6762f7-f36d-48d4-b843-61e1751df63a":{"type":"mega","disabled":true,"settings":{"title":"Assembly","url":"shopify:\/\/collections\/number-plate-assembly","open_link":"_self","icon":"","cus_cl":false,"cl":"#ec0101","lb":"","lb_cl":"#00badb","pos_sub":"bottom","wid":"cus","cus_wid":1200,"id":7,"enable_packery":true,"r_s_h_item":"20","r_s_v_item":"30"}},"7ab3fc25-3fad-40b4-85d2-583a563b2d5f":{"type":"mega","disabled":true,"settings":{"title":"Fittings","url":"shopify:\/\/collections\/fixings","open_link":"_self","icon":"","cus_cl":false,"cl":"#ec0101","lb":"","lb_cl":"#00badb","pos_sub":"bottom","wid":"cus","cus_wid":1200,"id":8,"enable_packery":true,"r_s_h_item":"20","r_s_v_item":"30"}},"6227c68b-8e1c-4a80-89ef-c906297ceb0d":{"type":"base","settings":{"title":"Startup Kits","url":"shopify:\/\/collections\/startup-kits","open_link":"_self","icon":"","cus_cl":false,"cl":"#ec0101","lb":"","lb_cl":""}},"89715b99-ce1d-4d51-9f9d-2b0a8b40e06d":{"type":"base","settings":{"title":"Packaging","url":"shopify:\/\/collections\/packaging","open_link":"_self","icon":"","cus_cl":false,"cl":"#ec0101","lb":"","lb_cl":""}},"371dabae-2900-4c2f-b157-abc7646dade1":{"type":"base","settings":{"title":"Assembly","url":"shopify:\/\/collections\/number-plate-assembly","open_link":"_self","icon":"","cus_cl":false,"cl":"#ec0101","lb":"","lb_cl":""}},"17326c98-cc37-4311-9e79-8b50136eb11b":{"type":"base","settings":{"title":"Fittings","url":"shopify:\/\/collections\/fixings","open_link":"_self","icon":"","cus_cl":false,"cl":"#ec0101","lb":"","lb_cl":""}},"ba20c847-e9a0-4836-abfc-606d4bec68a1":{"type":"base","settings":{"title":"Flags","url":"shopify:\/\/products\/premium-4d-laser-cut-side-flag-badges-for-number-plates-wholesale","open_link":"_self","icon":"","cus_cl":false,"cl":"#ec0101","lb":"","lb_cl":""}}},"block_order":["29bff467-3c78-42eb-bb56-8f2225df874b","ec9af3a5-9087-4d30-891e-48fab09205c1","ad292734-0401-44c1-a725-c8061580074b","94ed8696-394d-4356-b14c-1c401a19bd4f","2cc971ba-67fb-446e-b64d-b3abe3b6d435","fccf8009-e231-439c-ad6e-54a4ffcf5cc5","cf6762f7-f36d-48d4-b843-61e1751df63a","7ab3fc25-3fad-40b4-85d2-583a563b2d5f","6227c68b-8e1c-4a80-89ef-c906297ceb0d","89715b99-ce1d-4d51-9f9d-2b0a8b40e06d","371dabae-2900-4c2f-b157-abc7646dade1","17326c98-cc37-4311-9e79-8b50136eb11b","ba20c847-e9a0-4836-abfc-606d4bec68a1"],"settings":{"layout":"logo_left","full_header":true,"height":70,"arrow":false,"align":"center","hover":"hover_sideup","enable_active":false,"h_navmb":60,"bgnav":"#ffffff","opnav":100,"clnav":"#222222","clnav_hover":"#56cfe1","h_icon":"kalles","hover_icon":"2","show_search":true,"show_acc":true,"show_wis":true,"cart_des":"1","bg_hc":"#000000","cl_hc":"#ffffff","sticky_header":true,"scroll_header":true,"bgnavst":"#ffffff","opnavst":100,"clnavst":"#222222","clnavst_hover":"#56cfe1","transparent_header":false,"space_transparent_header":false,"bgnavtr":"#000000","opnavtr":40,"clnavtr":"#ffffff","clnavtr_hover":"#56cfe1","fm_nav":"1","fs_nav":14,"fw_nav":400,"ls_nav":0}},"title_config":{"type":"title_config","blocks":{"title_config-0":{"type":"title","settings":{"color":"#222222","family":"2","size":24,"weight":600,"lh":34,"ls":0,"space":0,"size_mb":18,"lh_mb":30,"ls_mb":0,"space_mb":0}},"title_config-1":{"type":"subtitle","settings":{"italic":true,"color":"#878787","family":"3","size":14,"weight":400,"lh":0,"ls":0,"space":0,"size_mb":14,"lh_mb":0,"ls_mb":0,"space_mb":0}}},"block_order":["title_config-0","title_config-1"],"settings":{"design_heading":"1","heading_align":"t4s-text-center","top_heading":"Accordion","icon_heading":"las la-gem","top_subheading":"","tophead_mb":30}},"pr_item_config":{"type":"pr_item_config","blocks":{"pr_item_config-0":{"type":"1","settings":{"heading":"Product desgin 01","addtocart_color":"#ffffff","addtocart_color_hover":"#222222","quickview_color":"#ffffff","quickview_color_hover":"#222222","wishlist_color":"#ffffff","wishlist_color_hover":"#222222","wishlist_color_active":"#e81e63","compare_color":"#ffffff","compare_color_hover":"#222222","size_list_color":"#ffffff"}},"pr_item_config-1":{"type":"2","settings":{"heading":"Product desgin 02","addtocart_color":"#ffffff","addtocart_color_hover":"#222222","quickview_color":"#ffffff","quickview_color_hover":"#222222","wishlist_color":"#ffffff","wishlist_color_hover":"#222222","wishlist_color_active":"#e81e63","compare_color":"#ffffff","compare_color_hover":"#222222","size_list_color":"#ffffff"}},"977f60cb-440c-4e8e-beaa-b55b503aaa7c":{"type":"3","settings":{"heading":"Product design 03","addtocart_color":"#ffffff","addtocart_color_hover":"#222222","quickview_color":"#ffffff","quickview_color_hover":"#222222","wishlist_color":"#ffffff","wishlist_color_hover":"#222222","wishlist_color_active":"#e81e63","compare_color":"#ffffff","compare_color_hover":"#222222","size_list_color":"#ffffff"}},"fca180ab-ad71-42a7-a8a9-ed91fbebd0ac":{"type":"4","settings":{"heading":"Product design 04","addtocart_color":"#ffffff","addtocart_color_hover":"#222222","quickview_color":"#ffffff","quickview_color_hover":"#222222","wishlist_color":"#ffffff","wishlist_color_hover":"#222222","wishlist_color_active":"#e81e63","compare_color":"#ffffff","compare_color_hover":"#222222","pr_btn_round":0,"size_list_color":"#ffffff"}},"6fdc3407-75d0-4c09-92f9-138646c4699e":{"type":"5","settings":{"heading":"Product design 05","addtocart_color":"#ffffff","addtocart_color_hover":"#222222","quickview_color":"#ffffff","quickview_color_hover":"#222222","wishlist_color":"#ffffff","wishlist_color_hover":"#222222","wishlist_color_active":"#e81e63","compare_color":"#ffffff","compare_color_hover":"#222222","size_list_color":"#ffffff"}},"16ce1932-676d-4dcd-bdbf-356d813613c5":{"type":"6","settings":{"heading":"Product design 06","atc_style":"default","addtocart_color":"#56cfe1","addtocart_color_hover":"#00badb","quickview_color":"#ffffff","quickview_color_hover":"#222222","wishlist_color":"#ffffff","wishlist_color_hover":"#222222","wishlist_color_active":"#e81e63","compare_color":"#ffffff","compare_color_hover":"#222222","size_list_color":"#ffffff"}},"83670c68-17f0-43a9-8caa-b96cca9a3b05":{"type":"list","settings":{"heading":"Product list","content_color":"#878787","addtocart_color":"#56cfe1","addtocart_color_hover":"#222222","quickview_color":"#56cfe1","quickview_color_hover":"#222222","wishlist_color":"#ffffff","wishlist_color_hover":"#222222","wishlist_color_active":"#e81e63","compare_color":"#ffffff","compare_color_hover":"#222222","size_list_color":"#ffffff"}},"a8021fa1-2248-47ff-a3a7-9433011a17bc":{"type":"packery","settings":{"heading":"Product packery","pr_title_color":"#ffffff","pr_title_color_hover":"#56cfe1","price_color":"#ffffff","price_color_second":"#696969","price_sale_color":"#ec0101","addtocart_color":"#ffffff","addtocart_color_hover":"#222222","quickview_color":"#ffffff","quickview_color_hover":"#222222","wishlist_color":"#ffffff","wishlist_color_hover":"#222222","wishlist_color_active":"#e81e63","compare_color":"#ffffff","compare_color_hover":"#222222","size_list_color":"#ffffff"}}},"block_order":["pr_item_config-0","pr_item_config-1","977f60cb-440c-4e8e-beaa-b55b503aaa7c","fca180ab-ad71-42a7-a8a9-ed91fbebd0ac","6fdc3407-75d0-4c09-92f9-138646c4699e","16ce1932-676d-4dcd-bdbf-356d813613c5","83670c68-17f0-43a9-8caa-b96cca9a3b05","a8021fa1-2248-47ff-a3a7-9433011a17bc"],"settings":{"txt_tr_pr":"none","fnt_df_pr":"1","size_pr":14,"fw_pr":500,"lh_pr":20,"ls_pr":0,"size_price_pr":14,"fw_price_pr":400,"space_img_content":15,"space_elements":0,"swatch_color_size":16,"swatch_color_size_mb":20,"pr_btn_round":40,"pr_title_color":"#222222","pr_title_color_hover":"#56cfe1","price_color":"#696969","price_color_second":"#696969","price_sale_color":"#ec0101","vendors_color":"#878787","vendors_color_hover":"#56cfe1","countdown_color":"#56cfe1","countdown_overlay":100,"pr_bg_overlay":"#000000","pr_overlay":10}},"btn_config":{"type":"btn_config","blocks":{"btn_config-0":{"type":"custom1","settings":{"color_primary":"#ffb100","color_second":"#ffffff","color_primary_hover":"#ff4e00","color_second_hover":"#ffffff"}},"btn_config-1":{"type":"custom2","settings":{"color_primary":"#f7f7f7","color_second":"#222222","color_primary_hover":"#ffffff","color_second_hover":"#222222"}}},"block_order":["btn_config-0","btn_config-1"],"settings":{"fnt_fm_button":"--font-family-1","btn_fw":600,"btn_bdr":60,"other_radius":0,"button_effect":"default"}},"toolbar_mobile":{"type":"toolbar_mobile","blocks":{"toolbar_mobile-0":{"type":"shop","settings":{"title":"Shop","link":""}},"toolbar_mobile-1":{"type":"wish","settings":{"title":"Wishlist"}},"toolbar_mobile-2":{"type":"cart","settings":{"title":"Cart"}},"toolbar_mobile-3":{"type":"account","settings":{"title":"Account"}},"toolbar_mobile-4":{"type":"search","settings":{"title":"Search"}}},"block_order":["toolbar_mobile-0","toolbar_mobile-1","toolbar_mobile-2","toolbar_mobile-3","toolbar_mobile-4"],"settings":{"enable_toolbar":true,"show_txt":true,"bg_color":"#ffffff","icon_color":"#222222","label_color":"#222222","count_bg_color":"#000000","count_text_color":"#ffffff"}},"back_top":{"type":"back_top","settings":{"enable_backtop":true,"enable_hidden_mobile":false,"backtop_des":"1","enable_progress_bar":false,"border_cl":"#f5f5f5","border_cl_active":"#000000"}},"mega-menu":{"type":"mega-menu","blocks":{"fd9eea0f-bf2e-4608-9169-536b7ce34ead":{"type":"mega","settings":{"id":1}},"389db464-8e17-429d-bef3-cec0418dfeed":{"type":"link","settings":{"tt_hd":"Road Legal","url":"","open_link":"_self","menu":"letters-10x","col":"6"}},"2d7692ce-7a75-4ea3-981f-e1c0653d191d":{"type":"banner","settings":{"image_ratio":"ratio_cuspx","image_size":"cover","image_position":"3","height_dk":250,"image":"shopify:\/\/shop_images\/e49b670d-1269-4559-9d2d-c6365a0a4b2e.jpg","img_effect":"none","b_effect":"none","b_link":"shopify:\/\/products\/up-to-14x-colour-krystal-4d-acrylic-wholesale-number-plate-digits","open_link":"_self","html":"<h3 class=\"fs__30 mg__0 lh__1 cw mb__10\">Colours<\/h3><h4 class=\"fs__16 mg__0 cw\"> <\/h4>","content_align":"center","cv_pos":50,"ch_pos":50,"cl_txt":"#ffffff","cl_overlay":"#000000","cl_opacity":5,"col":"6"}},"6eb33810-c584-42c0-8ea9-20f6c1f67842":{"type":"mega","settings":{"id":2}},"05616e28-7f93-4ed8-be1a-b3fe2ec07354":{"type":"link","settings":{"tt_hd":"Blank Number Plates","url":"shopify:\/\/collections\/blank-plates","open_link":"_self","menu":"blanks","col":"6"}},"banner_wimhfp":{"type":"banner","settings":{"image_ratio":"ratioadapt","image_size":"cover","image_position":"8","height_dk":400,"image":"shopify:\/\/shop_images\/IMG_3867.png","img_effect":"zoom","b_effect":"dark-overlay","b_link":"shopify:\/\/products\/custom-shaped-blank-number-plates-wholesale","open_link":"_self","html":"<a href=\"https:\/\/www.meenalite.com\/products\/custom-shaped-blank-number-plates-wholesale?variant=47696975528274\" class=\"custom-shape-link\">\n  <h3 class=\"fs__30 mg__0 lh__1 cw mb__10\">Custom Shapes<\/h3>\n  <h4 class=\"fs__16 mg__0 cw\">Explorer<\/h4>\n<\/a>","content_align":"center","cv_pos":50,"ch_pos":50,"cl_txt":"#ffffff","cl_overlay":"#000000","cl_opacity":5,"col":"6"}},"7d335687-5cfc-4d2c-b1a0-ee3277ffc3c4":{"type":"mega","settings":{"id":3}},"8d4a5604-6fe3-4ee1-9c1b-40d05bfece72":{"type":"banner","settings":{"image_ratio":"ratio_cuspx","image_size":"cover","image_position":"8","height_dk":250,"image":"shopify:\/\/shop_images\/IMG_4390.png","img_effect":"none","b_effect":"none","b_link":"shopify:\/\/collections\/borders","open_link":"_self","html":"<h3 class=\"fs__30 mg__0 lh__1 cw mb__10\">3D &amp; 4D Borders<\/h3><h4 class=\"fs__16 mg__0 cw\">See our Exclusive Gel and Acrylic Self Adhesive Borders<\/h4>","content_align":"center","cv_pos":50,"ch_pos":50,"cl_txt":"#ffffff","cl_overlay":"#000000","cl_opacity":5,"col":"12"}},"dc73eb8b-4a59-40a1-a3f8-aab7269e43c3":{"type":"mega","disabled":true,"settings":{"id":4}},"b412fd91-7972-4dab-8001-3d6030da1061":{"type":"banner","disabled":true,"settings":{"image_ratio":"ratioadapt","image_size":"cover","image_position":"8","height_dk":400,"img_effect":"none","b_effect":"none","b_link":"","open_link":"_self","html":"<h3 class=\"fs__30 mg__0 lh__1 cw mb__10\">lighting collections<\/h3><h4 class=\"fs__16 mg__0 cw\">Explorer<\/h4>","content_align":"center","cv_pos":50,"ch_pos":50,"cl_txt":"#ffffff","cl_overlay":"#000000","cl_opacity":5,"col":"4"}},"5cefd427-f7d1-4e4b-bece-8240eefecb13":{"type":"mega","settings":{"id":5}},"link_4iYrEU":{"type":"link","settings":{"tt_hd":"Heading","url":"","open_link":"_self","menu":"","col":"4"}}},"block_order":["fd9eea0f-bf2e-4608-9169-536b7ce34ead","389db464-8e17-429d-bef3-cec0418dfeed","2d7692ce-7a75-4ea3-981f-e1c0653d191d","6eb33810-c584-42c0-8ea9-20f6c1f67842","05616e28-7f93-4ed8-be1a-b3fe2ec07354","banner_wimhfp","7d335687-5cfc-4d2c-b1a0-ee3277ffc3c4","8d4a5604-6fe3-4ee1-9c1b-40d05bfece72","dc73eb8b-4a59-40a1-a3f8-aab7269e43c3","b412fd91-7972-4dab-8001-3d6030da1061","5cefd427-f7d1-4e4b-bece-8240eefecb13","link_4iYrEU"],"settings":{"bg":""}},"mb_nav":{"type":"mb_nav","blocks":{"mb_nav-0":{"type":"menu","settings":{"title":"Demo","url":"","open_link":"_self","menu":"","lb":"","lb_cl":"","icons_op":"2","icon":""}},"mb_nav-1":{"type":"menu","settings":{"title":"Shop","url":"shopify:\/\/collections\/women","open_link":"_self","menu":"","lb":"","lb_cl":"","icons_op":"2","icon":""}},"mb_nav-2":{"type":"menu","settings":{"title":"Product","url":"shopify:\/\/products\/analogue-resin-strap","open_link":"_self","menu":"","lb":"","lb_cl":"","icons_op":"2","icon":""}},"25fa7ecf-2db0-4747-b093-a1299099917e":{"type":"menu","settings":{"title":"Portfolio","url":"","open_link":"_self","menu":"","lb":"","lb_cl":"","icons_op":"2","icon":""}},"58800ed8-befe-449a-b8f8-ea86620bef6f":{"type":"menu","settings":{"title":"Lookbook","url":"","open_link":"_self","menu":"","lb":"","lb_cl":"","icons_op":"2","icon":""}},"mb_nav-3":{"type":"menu","settings":{"title":"Blog","url":"shopify:\/\/blogs\/fashion","open_link":"_self","menu":"","lb":"","lb_cl":"","icons_op":"2","icon":""}},"mb_nav-4":{"type":"wis","settings":{}},"mb_nav-5":{"type":"sea","settings":{}},"mb_nav-6":{"type":"acc","settings":{}},"mb_nav-7":{"type":"help","settings":{"title":"Need help?","text":"<a href=\"tel:%20+0123456789\">\n<svg xmlns=\"http:\/\/www.w3.org\/2000\/svg\" viewbox=\"0 0 32 32\" fill=\"currentColor\"><path d=\"M 8.65625 3 C 8.132813 3 7.617188 3.1875 7.1875 3.53125 L 7.125 3.5625 L 7.09375 3.59375 L 3.96875 6.8125 L 4 6.84375 C 3.035156 7.734375 2.738281 9.066406 3.15625 10.21875 C 3.160156 10.226563 3.152344 10.242188 3.15625 10.25 C 4.003906 12.675781 6.171875 17.359375 10.40625 21.59375 C 14.65625 25.84375 19.402344 27.925781 21.75 28.84375 L 21.78125 28.84375 C 22.996094 29.25 24.3125 28.960938 25.25 28.15625 L 28.40625 25 C 29.234375 24.171875 29.234375 22.734375 28.40625 21.90625 L 24.34375 17.84375 L 24.3125 17.78125 C 23.484375 16.953125 22.015625 16.953125 21.1875 17.78125 L 19.1875 19.78125 C 18.464844 19.433594 16.742188 18.542969 15.09375 16.96875 C 13.457031 15.40625 12.621094 13.609375 12.3125 12.90625 L 14.3125 10.90625 C 15.152344 10.066406 15.167969 8.667969 14.28125 7.84375 L 14.3125 7.8125 L 14.21875 7.71875 L 10.21875 3.59375 L 10.1875 3.5625 L 10.125 3.53125 C 9.695313 3.1875 9.179688 3 8.65625 3 Z M 8.65625 5 C 8.730469 5 8.804688 5.035156 8.875 5.09375 L 12.875 9.1875 L 12.96875 9.28125 C 12.960938 9.273438 13.027344 9.378906 12.90625 9.5 L 10.40625 12 L 9.9375 12.4375 L 10.15625 13.0625 C 10.15625 13.0625 11.304688 16.136719 13.71875 18.4375 L 13.9375 18.625 C 16.261719 20.746094 19 21.90625 19 21.90625 L 19.625 22.1875 L 22.59375 19.21875 C 22.765625 19.046875 22.734375 19.046875 22.90625 19.21875 L 27 23.3125 C 27.171875 23.484375 27.171875 23.421875 27 23.59375 L 23.9375 26.65625 C 23.476563 27.050781 22.988281 27.132813 22.40625 26.9375 C 20.140625 26.046875 15.738281 24.113281 11.8125 20.1875 C 7.855469 16.230469 5.789063 11.742188 5.03125 9.5625 C 4.878906 9.15625 4.988281 8.554688 5.34375 8.25 L 5.40625 8.1875 L 8.4375 5.09375 C 8.507813 5.035156 8.582031 5 8.65625 5 Z\"><\/path><\/svg> +01 23456789<\/a>\n<br>\n<a href=\"mailto:kalles@domain.com\">\n<svg xmlns=\"http:\/\/www.w3.org\/2000\/svg\" viewbox=\"0 0 32 32\" fill=\"currentColor\"><path d=\"M 3 8 L 3 26 L 29 26 L 29 8 Z M 7.3125 10 L 24.6875 10 L 16 15.78125 Z M 5 10.875 L 15.4375 17.84375 L 16 18.1875 L 16.5625 17.84375 L 27 10.875 L 27 24 L 5 24 Z\"><\/path><\/svg>\nkalles@domain.com<\/a>"}},"mb_nav-8":{"type":"lang","settings":{}},"mb_nav-9":{"type":"cur","settings":{}}},"block_order":["mb_nav-0","mb_nav-1","mb_nav-2","25fa7ecf-2db0-4747-b093-a1299099917e","58800ed8-befe-449a-b8f8-ea86620bef6f","mb_nav-3","mb_nav-4","mb_nav-5","mb_nav-6","mb_nav-7","mb_nav-8","mb_nav-9"],"settings":{}},"mb_cat":{"type":"mb_cat","blocks":{"d11c57e9-89e3-406e-8242-f7008e7cca41":{"type":"cat","settings":{"cat":"3d-4d-letters","title":"3D & 4D Letters","url":"","menu":"","lb":"","lb_cl":"#e91e63","icons_op":"2","icon":"las la-angle-double-right"}},"adc5194c-fbcc-4eb3-bcef-42133cffb957":{"type":"cat","settings":{"cat":"blank-plates","title":"Blank Plates","url":"","menu":"","lb":"","lb_cl":"#e91e63","icons_op":"2","icon":"las la-angle-double-right"}},"7c18b3c4-0905-4ee5-8c7d-5faf89e83d59":{"type":"cat","settings":{"cat":"borders","title":"3D Borders","url":"","menu":"","lb":"","lb_cl":"#e91e63","icons_op":"2","icon":"las la-angle-double-right"}},"4a2da173-6aeb-4a2e-89fc-50885cc28304":{"type":"cat","settings":{"cat":"number-plate-assembly","title":"Plate Assembly","url":"","menu":"","lb":"","lb_cl":"#e91e63","icons_op":"2","icon":"las la-angle-double-right"}},"36964fb7-a003-4dae-8f8c-4a028d36e406":{"type":"cat","settings":{"cat":"startup-kits","title":"Startup Kits","url":"","menu":"","lb":"","lb_cl":"#e91e63","icons_op":"2","icon":"las la-angle-double-right"}},"e774cdf1-f7f5-41fe-8b33-2e82a73ee3e6":{"type":"cat","settings":{"cat":"fixings","title":"Fixings","url":"","menu":"","lb":"","lb_cl":"#e91e63","icons_op":"2","icon":"las la-angle-double-right"}},"1bbdcdce-8c00-4600-ac38-43244b9a5cab":{"type":"cat","settings":{"cat":"flags","title":"Flags & Badges","url":"","menu":"","lb":"","lb_cl":"#e91e63","icons_op":"2","icon":"las la-angle-double-right"}},"75c1415c-ef8d-41ae-a81b-fd7f47e8f439":{"type":"cat","settings":{"cat":"packaging","title":"Postal Packaging","url":"","menu":"","lb":"","lb_cl":"#e91e63","icons_op":"2","icon":"las la-angle-double-right"}},"86843f44-defc-4c14-ab0f-1396b45279a4":{"type":"cat","settings":{"cat":"laser-supplies","title":"Laser Supplies","url":"","menu":"","lb":"","lb_cl":"#e91e63","icons_op":"2","icon":"las la-angle-double-right"}},"3865a552-18ce-4020-b9a2-0d9002543b96":{"type":"cat","settings":{"cat":"","title":"Contact Us","url":"shopify:\/\/pages\/contact","menu":"","lb":"Contact Us","lb_cl":"#e91e63","icons_op":"2","icon":"las la-chair"}}},"block_order":["d11c57e9-89e3-406e-8242-f7008e7cca41","adc5194c-fbcc-4eb3-bcef-42133cffb957","7c18b3c4-0905-4ee5-8c7d-5faf89e83d59","4a2da173-6aeb-4a2e-89fc-50885cc28304","36964fb7-a003-4dae-8f8c-4a028d36e406","e774cdf1-f7f5-41fe-8b33-2e82a73ee3e6","1bbdcdce-8c00-4600-ac38-43244b9a5cab","75c1415c-ef8d-41ae-a81b-fd7f47e8f439","86843f44-defc-4c14-ab0f-1396b45279a4","3865a552-18ce-4020-b9a2-0d9002543b96"],"settings":{}},"mini_cart":{"type":"mini_cart","blocks":{"mini_cart-0":{"type":"price","settings":{}},"mini_cart-1":{"type":"tax","settings":{}},"mini_cart-2":{"type":"agree","settings":{}},"mini_cart-3":{"type":"btnc","settings":{"btn_icon":false,"button_style":"default","btn_cl":"custom2","button_effect":"default"}},"mini_cart-4":{"type":"btnck","settings":{"btn_icon":false,"button_style":"default","btn_cl":"primary","button_effect":"default"}},"mini_cart-5":{"type":"img","settings":{"svg":"amazon_payments,american_express,apple_pay,bitcoin,dankort,diners_club,discover,dogecoin,dwolla,forbrugsforeningen,interac,google_pay,jcb,klarna,klarna-pay-later,litecoin,maestro,master,paypal,shopify_pay,sofort,visa","height":30}},"mini_cart-6":{"type":"btn","settings":{"title":"Return To Shop","url":"","btn_icon":false,"button_style":"default","btn_cl":"primary","button_effect":"fade"}}},"block_order":["mini_cart-0","mini_cart-1","mini_cart-2","mini_cart-3","mini_cart-4","mini_cart-5","mini_cart-6"],"settings":{"style":"1","pos":"2","enable_pr":true,"enable_calc_ship":true,"enable_note":true,"enable_rates":true,"enable_discount":true,"enable_gift_wrap":true,"ship_df_country":"United Kingdom"}},"main-qv":{"type":"main-qv","blocks":{"main-qv-0":{"type":"title","settings":{"txt_tr_pr":"none","fnt_df_pr":"1","size_pr":16,"fw_pr":600,"lh_pr":0,"ls_pr":0,"pr_title_color":"#222222","pr_title_color_hover":"#56cfe1"}},"main-qv-1":{"type":"price_review","settings":{"price":"0","type_sale":"0","tax_ship":true,"rating":true,"review_liquid":"","size_price_pr":22,"fw_price_pr":400,"price_color":"#696969","price_sale_color":"#ec0101"}},"main-qv-2":{"type":"description","settings":{"des":"2","text":"<p>Go kalles this summer with this vintage navy and white striped v-neck t-shirt from the Nike. Perfect for pairing with denim and white kicks for a stylish kalles vibe.<\/p>","length":31}},"main-qv-3":{"type":"form","settings":{"selector_mode":"circle","color_mode":"color is-sw-cl__round","enable_fit_ratio_img":false,"color_size":"medium","show_qty":true,"enable_wishlist":true,"enable_compare":true,"btn_atc_full":false,"pr_btn_round":40,"ani":"t4s-ani-tada","time":6,"btn_txt":"3","btn_icon":false,"button_style":"default","button_color":"primary","button_effect":"sweep-to-bottom","wishlist_color":"#222222","wishlist_color_hover":"#56cfe1","wishlist_color_active":"#e81e1e","compare_color":"#222222","compare_color_hover":"#56cfe1","compare_color_active":"#222222","show_dynamic_checkout":true,"btn_txt2":"3","button_color_payment":"dark","show_gift_card_recipient":true,"product_list":[],"show_product_current":true,"qty_val":"0","advance_label":"Choose style","advance_pr_list":[]}},"main-qv-4":{"type":"size_delivery_ask","settings":{"size_chart":"3","pos_sizeg":"1","sc_type":"1","page":"size-chart","size_ck":"","delivery":true,"page_dr":"delivery-return","ask":true,"phone":true}},"main-qv-5":{"type":"meta","settings":{"show_options":true,"show_vendor":false,"show_type":false,"show_sku":true,"show_barcode":false,"show_available":true,"show_category":true,"show_tags":true}},"main-qv-6":{"type":"social","settings":{"socials_align":"start","social_mode":"2","social_style":"1","social_size":"extra_small","bd_radius":0,"use_color_set":true,"icon_cl":"#222222","bg_cl":"#56cfe1","space_h_item":"20","space_v_item":"5","space_h_item_mb":"6","space_v_item_mb":"2"}}},"block_order":["main-qv-0","main-qv-1","main-qv-2","main-qv-3","main-qv-4","main-qv-5","main-qv-6"],"settings":{"demo_pr":"","image_ratio":"ratioadapt","image_size":"cover","image_position":"8","enable_video_looping":false,"enable_video_muting":true,"enable_video_autoplaying":true,"eff":"fade","nav_btn":true,"btn_vi":"always","btn_owl":"outline","btn_shape":"round","btn_cl":"dark","btn_size":"small","btn_hidden_mobile":false,"nav_dot":false,"dot_owl":"default","dots_cl":"dark","dots_round":true,"dots_space":10,"dots_hidden_mobile":false}},"slider_config":{"type":"slider_config","blocks":{"ef55a72d-2a3a-4be2-b303-7904b5feef29":{"type":"custom1","settings":{"btn_color_primary":"#abb1b4","btn_color_second":"#ffffff","btn_color_primary_hover":"#56cfe1","btn_color_second_hover":"#ffffff"}}},"block_order":["ef55a72d-2a3a-4be2-b303-7904b5feef29"],"settings":{"btn_vi":"hover","btn_owl":"default","btn_shape":"none","btn_size":"small","dot_owl":"default","dots_round":true,"dots_space":10}},"search-hidden":{"type":"search-hidden","settings":{}},"login-sidebar":{"type":"login-sidebar","settings":{"content_align":"start","btn_width":"full","button_style":"default","btns_size":"medium","btns_cl":"primary","button_effect":"default"}},"facets":{"type":"facets","settings":{"style_color_filter":"Color, color, Colour , colour","style_tag_filter":"ss bb"}},"heading-template":{"type":"heading-template","blocks":{"heading-template-0":{"type":"1","settings":{"heading":"","fontf":"inherit","text_cl":"#ffffff","text_fs":20,"text_lh":20,"text_fw":500,"text_ls":0,"font_italic":false,"font_uppercase":false,"text_shadow":false,"text_mgb":0,"hidden_mobile":false,"text_fs_mb":20,"text_lh_mb":20,"text_ls_mb":0,"text_mgb_mobile":0}}},"block_order":["heading-template-0"],"settings":{"image":"shopify:\/\/shop_images\/shopping-cart-head.jpg","parallax":false,"color":"#000000","overlay":54,"padding":50,"paddingmb":50,"mg_b":50,"mg_bmb":50,"content_align":"t4s-text-center","bg_pos":"center center","bg_repeat":"no-repeat","bg_size":"cover","use_cus_css":false,"code_cus_css":".SectionID {\nbackground-color:red\n}"}},"main-wishlist":{"type":"main-wishlist","blocks":{"main-wishlist-0":{"type":"layout","settings":{}}},"block_order":["main-wishlist-0"],"settings":{"product_des":"1","show_vendor":false,"image_ratio":"rationt","image_size":"cover","image_position":"8","content_align":"default","limit":12,"enable_listing":true,"enable_listing_default":false,"col_dk":"4","col_tb":"2","col_mb":"2","space_h_item":"30","space_v_item":"30","space_h_item_mb":"10","space_v_item_mb":"10","layout_des":"1","use_pagination":"default","enable_bar_lm":true,"btn_icon":false,"button_style":"default","btns_size":"large","btns_cl":"dark","button_effect":"default","btn_pos":"t4s-text-center","layout":"t4s-container-wrap","cl_bg":"","cl_bg_gradient":"","mg":",,50px,","pd":"","mg_mb":",,30px,","pd_mb":""}},"main-compare":{"type":"main-compare","blocks":{"main-compare-0":{"type":"basic","settings":{}},"main-compare-1":{"type":"availability","settings":{"title":"Availability"}},"main-compare-2":{"type":"vendor","settings":{"title":"Vendor"}},"main-compare-3":{"type":"variants","settings":{"title":"Color"}},"main-compare-4":{"type":"btn","settings":{"title":"RETURN TO SHOP","url":"","open_link":"_self","btn_icon":false,"button_style":"default","btns_size":"medium","btns_cl":"primary","button_effect":"default"}}},"block_order":["main-compare-0","main-compare-1","main-compare-2","main-compare-3","main-compare-4"],"settings":{"cl_price":"#95bf46","cl_price_sale":"#ec0101","cl_in":"#95bf46","cl_out":"#e1b878","image_ratio":"rationt","image_size":"cover","image_position":"8","content_align":"center","layout":"t4s-container-wrap","cl_bg":"","cl_bg_gradient":"","mg":",,50px,","pd":"","mg_mb":",,30px,","pd_mb":""}},"header-vertical":{"type":"header-vertical","blocks":{"header-vertical-0":{"type":"mega","settings":{"title":"Home","url":"","open_link":"_self","icon":"","cus_cl":false,"cl":"#ec0101","lb":"","lb_cl":"#00badb","pos_sub":"right-start","wid":"cus","cus_wid":1200,"id":1,"r_s_h_item":"30","r_s_v_item":"30"}},"header-vertical-1":{"type":"mega","settings":{"title":"mega","url":"","open_link":"_self","icon":"","cus_cl":false,"cl":"#ec0101","lb":"","lb_cl":"#00badb","pos_sub":"right-start","wid":"cus","cus_wid":1200,"id":1,"r_s_h_item":"30","r_s_v_item":"30"}},"header-vertical-2":{"type":"base","settings":{"title":"base","url":"\/","open_link":"_self","icon":"","cus_cl":false,"cl":"#ec0101","lb":"","lb_cl":""}},"0dec03c0-f79c-4d2b-946e-0a9c5d0a0d9a":{"type":"drop","settings":{"title":"Dropdown","url":"","open_link":"_self","menu":"main-menu","icon":"","cus_cl":false,"cl":"#ec0101","lb":"","lb_cl":"","pos_sub":"right-start"}}},"block_order":["header-vertical-0","header-vertical-1","header-vertical-2","0dec03c0-f79c-4d2b-946e-0a9c5d0a0d9a"],"settings":{"show_language":true,"show_currency":true,"arrow":true,"bgnav":"#ffffff","opnav":100,"clnav":"#222222","clnav_hover":"#56cfe1","h_icon":"kalles","hover_icon":"2","show_search":true,"show_acc":true,"show_wis":true,"cart_des":"1","bg_hc":"#000000","cl_hc":"#ffffff","source":"2","txt":"<p>Welcome to our store!<\/p>","enable_active":false,"h_navmb":62,"fm_nav":"1","fs_nav":14,"fw_nav":500,"ls_nav":0.2}},"popups":{"type":"popups","settings":{}},"t4s_custom_color":{"type":"t4s_custom_color","blocks":{"06eaa184-e59c-4525-ac5d-eac6fc91f3e8":{"type":"bg_color","settings":{"title":"","color":"","cl_gradient":"","color_img":false}}},"block_order":["06eaa184-e59c-4525-ac5d-eac6fc91f3e8"],"settings":{}},"main-qs":{"type":"main-qs","blocks":{"main-qs-0":{"type":"title","settings":{"txt_tr_pr":"none","fnt_df_pr":"1","size_pr":16,"fw_pr":600,"lh_pr":0,"ls_pr":0,"pr_title_color":"#222222","pr_title_color_hover":"#56cfe1"}},"main-qs-1":{"type":"price","settings":{"price":"0","type_sale":"2","size_price_pr":22,"fw_price_pr":400,"price_color":"#696969","price_sale_color":"#ec0101"}},"main-qs-2":{"type":"form","settings":{"selector_mode":"block","color_mode":"variant_image","enable_fit_ratio_img":true,"color_size":"large","show_qty":true,"enable_wishlist":true,"enable_compare":true,"pr_btn_round":40,"ani":"t4s-ani-shake","time":3,"btn_txt":"3","btn_icon":false,"button_style":"default","button_color":"primary","button_effect":"sweep-to-top","wishlist_color":"#222222","wishlist_color_hover":"#56cfe1","wishlist_color_active":"#e81e1e","compare_color":"#222222","compare_color_hover":"#56cfe1","compare_color_active":"#222222","show_dynamic_checkout":true,"btn_txt2":"3","button_color_payment":"dark"}}},"block_order":["main-qs-0","main-qs-1","main-qs-2"],"settings":{"demo_pr":""}},"facets_tags":{"type":"facets_tags","blocks":{"14770600-c9ef-4dc1-afbb-0efa120a1bd4":{"type":"color","settings":{"hidden_block":false,"title":"By Color","arra_enter":"Red,White,Brown,Blue, Black, Green, Grey, Sliver,Pink","use_auto_filter_tag":false,"key":"Color"}}},"block_order":["14770600-c9ef-4dc1-afbb-0efa120a1bd4"],"settings":{}},"extras":{"type":"extras","settings":{}},"header-bottom":{"type":"header-bottom","blocks":{"header-bottom-0":{"type":"mega","settings":{"title":"mega","url":"","open_link":"_self","icon":"","cus_cl":false,"cl":"#ec0101","lb":"","lb_cl":"#00BADB","pos_sub":"bottom","wid":"cus","cus_wid":1200,"id":1,"enable_packery":true,"r_s_h_item":"30","r_s_v_item":"30"}},"header-bottom-1":{"type":"mega","settings":{"title":"mega","url":"","open_link":"_self","icon":"","cus_cl":false,"cl":"#ec0101","lb":"","lb_cl":"#00BADB","pos_sub":"bottom","wid":"cus","cus_wid":1200,"id":2,"enable_packery":true,"r_s_h_item":"30","r_s_v_item":"30"}},"1fd49759-3ab5-4610-9bd7-d8a970d7e08a":{"type":"mega","settings":{"title":"mega","url":"","open_link":"_self","icon":"","cus_cl":false,"cl":"#ec0101","lb":"","lb_cl":"#00BADB","pos_sub":"bottom","wid":"cus","cus_wid":1200,"id":1,"enable_packery":true,"r_s_h_item":"30","r_s_v_item":"30"}},"3d8a03be-6c80-4945-8f6c-ddf3318e3477":{"type":"mega","settings":{"title":"mega","url":"","open_link":"_self","icon":"","cus_cl":false,"cl":"#ec0101","lb":"","lb_cl":"#00BADB","pos_sub":"bottom","wid":"cus","cus_wid":1200,"id":1,"enable_packery":true,"r_s_h_item":"30","r_s_v_item":"30"}}},"block_order":["header-bottom-0","header-bottom-1","1fd49759-3ab5-4610-9bd7-d8a970d7e08a","3d8a03be-6c80-4945-8f6c-ddf3318e3477"],"settings":{"full_header":false,"height":90,"height2":50,"arrow":false,"border":true,"align":"center","hover":"hover_sideup","enable_active":false,"h_navmb":62,"bgnav":"#ffffff","opnav":100,"clnav":"#222222","clnav_hover":"#56cfe1","h_icon":"kalles","hover_icon":"2","show_search":true,"show_acc":true,"show_wis":true,"cart_des":"1","bg_hc":"#000000","cl_hc":"#ffffff","sticky_header":true,"scroll_header":true,"bgnavst":"#ffffff","opnavst":100,"clnavst":"#222222","clnavst_hover":"#56cfe1","transparent_header":false,"space_transparent_header":false,"bgnavtr":"#000000","opnavtr":40,"clnavtr":"#ffffff","clnavtr_hover":"#ffffff","source":"2","txt":"<p>Welcome to our store!<\/p>","fm_nav":"1","fs_nav":14,"fw_nav":400,"ls_nav":0}},"header-categories-menu":{"type":"header-categories-menu","blocks":{"header-categories-menu-0":{"type":"mega","settings":{"title":"mega","url":"","open_link":"_self","icon":"","cus_cl":false,"cl":"#ec0101","lb":"","lb_cl":"#00BADB","pos_sub":"bottom","wid":"cus","cus_wid":1200,"id":1,"r_s_h_item":"30","r_s_v_item":"30"}},"header-categories-menu-1":{"type":"mega","settings":{"title":"mega","url":"","open_link":"_self","icon":"","cus_cl":false,"cl":"#ec0101","lb":"","lb_cl":"#00BADB","pos_sub":"bottom","wid":"cus","cus_wid":1200,"id":1,"r_s_h_item":"30","r_s_v_item":"30"}},"header-categories-menu-2":{"type":"base","settings":{"title":"base","url":"\/","open_link":"_self","icon":"","cus_cl":false,"cl":"#ec0101","lb":"","lb_cl":""}}},"block_order":["header-categories-menu-0","header-categories-menu-1","header-categories-menu-2"],"settings":{"full_header":false,"height":90,"frm_sea_mw":600,"height2":50,"arrow":false,"border":false,"border_cate":false,"header_design":"1","align":"start","hover":"hover_sideup","enable_active":false,"h_navmb":62,"bgnav":"#ffffff","opnav":100,"clnav":"#222222","clnav_hover":"#56cfe1","bgsea":"#fafafa","clsea":"#56cfe1","bgnav2":"#56CFE1","clnav2":"#fff","bgcategory":"#007e91","h_icon":"kalles","hover_icon":"2","show_search":true,"show_acc":true,"show_wis":true,"cart_des":"1","bg_hc":"#000000","cl_hc":"#ffffff","sticky_header":true,"scroll_header":true,"bgnavst":"#ffffff","opnavst":100,"clnavst":"#222222","clnavst_hover":"#56cfe1","bgseavst":"#fafafa","clseast":"#56cfe1","transparent_header":false,"space_transparent_header":false,"bgnavtr":"#000000","opnavtr":40,"clnavtr":"#ffffff","clnavtr_hover":"#ffffff","bgseatr":"#fafafa","clseatr":"#56cfe1","fm_nav":"1","fs_nav":14,"fw_nav":400,"ls_nav":0,"txt_cat":"SHOP BY CATEGORY","text":"<i class=\"las la-phone fs__14\"><\/i> +01 23456789 <i class=\"las la-envelope fs__14 ml__15\"><\/i> <a class=\"cg\" href=\"mailto:kalles@domain.com\">kalles@domain.com<\/a>","shop_cat":true}},"header-categories":{"type":"header-categories","blocks":{"header-categories-0":{"type":"lv0_mega","settings":{"title":"mega","url":"","open_link":"_self","icon":"","cus_cl":false,"cl":"#ec0101","lb":"","lb_cl":"#00BADB","pos_sub":"right-start","wid":"cus","cus_wid":1200,"r_s_h_item":"20","r_s_v_item":"30"}},"header-categories-1":{"type":"lv0_mega","settings":{"title":"mega","url":"","open_link":"_self","icon":"","cus_cl":false,"cl":"#ec0101","lb":"","lb_cl":"#00BADB","pos_sub":"right-start","wid":"cus","cus_wid":1200,"r_s_h_item":"20","r_s_v_item":"30"}},"header-categories-2":{"type":"lv0_base","settings":{"title":"base","url":"\/","open_link":"_self","icon":"","cus_cl":false,"cl":"#ec0101","lb":"","lb_cl":""}}},"block_order":["header-categories-0","header-categories-1","header-categories-2"],"settings":{"arrow":true}}},"content_for_index":[]}}